row_type,Name,Identifier,Description,Start Date,Target Date,Network,Cycle View,Module View,Issue Views View,Page View,Intake View,Is Time Tracking Enabled,Is Issue Type Enabled,Guest View All Features,Epic Enabled,State Templates,Label Templates,Task Custom Properties,Epic Custom Properties,Additional Work Item Types,External Key,Description Html,State,Priority,Is Draft,Parent External Key,Issue Type,Labels,Assignee Emails,Custom Properties
project,Gospodarstwo rolne — sezon 2026,GOSP,"Planowanie prac polowych, obsługa maszyn, produkcja zwierzęca i magazyn pasz w gospodarstwie mleczno-roślinnym.",2026-01-01,2026-12-31,2,True,True,True,True,True,True,True,False,True,"[{""name"": ""Do zrobienia"", ""group"": ""backlog"", ""color"": ""#60646C"", ""default"": true}, {""name"": ""Zaplanowane"", ""group"": ""unstarted"", ""color"": ""#3B82F6""}, {""name"": ""W toku"", ""group"": ""started"", ""color"": ""#F59E0B""}, {""name"": ""Oczekuje"", ""group"": ""started"", ""color"": ""#8B5CF6""}, {""name"": ""Zakończone"", ""group"": ""completed"", ""color"": ""#46A758""}, {""name"": ""Anulowane"", ""group"": ""cancelled"", ""color"": ""#EF4444""}]","[{""name"": ""Pola"", ""color"": ""#16A34A""}, {""name"": ""Maszyny"", ""color"": ""#CA8A04""}, {""name"": ""Obora"", ""color"": ""#0EA5E9""}, {""name"": ""Pasze"", ""color"": ""#854D0E""}, {""name"": ""Nawozy"", ""color"": ""#65A30D""}, {""name"": ""Pilne"", ""color"": ""#DC2626""}]","[{""title"": ""Pole / sektor"", ""property_type"": ""dropdown"", ""options"": [""A1"", ""A2"", ""B1"", ""B2"", ""C1"", ""Łąka N"", ""Obora""], ""select_mode"": ""single"", ""is_mandatory"": true, ""is_active"": true}, {""title"": ""Godziny pracy"", ""property_type"": ""number"", ""is_mandatory"": false, ""is_active"": true}, {""title"": ""Pogoda OK"", ""property_type"": ""boolean"", ""is_mandatory"": false, ""is_active"": true}]","[{""title"": ""Obszar gospodarstwa"", ""property_type"": ""dropdown"", ""options"": [""Uprawa"", ""Hodowla"", ""Technika"", ""Magazyn""], ""select_mode"": ""single"", ""is_mandatory"": true, ""is_active"": true}]","[{""name"": ""Awaria"", ""description"": ""Awaria maszyny lub infrastruktury gospodarstwa"", ""custom_properties"": [{""title"": ""Wpływ na produkcję"", ""property_type"": ""dropdown"", ""options"": [""Niski"", ""Średni"", ""Wysoki""], ""select_mode"": ""single"", ""is_mandatory"": true, ""is_active"": true}]}]",,,,,,,,,,
work_item,Siew zbóż jarych,,,2026-02-01,2026-11-30,,,,,,,,,,,,,,,,EPIK-SIEW,<p>Epik gospodarstwa: Siew zbóż jarych. Obszar: Uprawa.</p>,W toku,high,False,,Epic,"[""Pola""]","[""agronom@example.com""]","{""Obszar gospodarstwa"": ""Uprawa""}"
work_item,Nawożenie wiosenne,,,2026-02-01,2026-11-30,,,,,,,,,,,,,,,,EPIK-NAWOZ,<p>Epik gospodarstwa: Nawożenie wiosenne. Obszar: Uprawa.</p>,W toku,high,False,,Epic,"[""Nawozy""]",[],"{""Obszar gospodarstwa"": ""Uprawa""}"
work_item,Żniwa i zbiór kukurydzy,,,2026-02-01,2026-11-30,,,,,,,,,,,,,,,,EPIK-ZBIORY,<p>Epik gospodarstwa: Żniwa i zbiór kukurydzy. Obszar: Uprawa.</p>,W toku,high,False,,Epic,"[""Pola""]",[],"{""Obszar gospodarstwa"": ""Uprawa""}"
work_item,Sezon w oborze,,,2026-02-01,2026-11-30,,,,,,,,,,,,,,,,EPIK-OBORA,<p>Epik gospodarstwa: Sezon w oborze. Obszar: Hodowla.</p>,W toku,high,False,,Epic,"[""Obora""]",[],"{""Obszar gospodarstwa"": ""Hodowla""}"
work_item,Przeglądy parku maszyn,,,2026-02-01,2026-11-30,,,,,,,,,,,,,,,,EPIK-MASZYNY,<p>Epik gospodarstwa: Przeglądy parku maszyn. Obszar: Technika.</p>,W toku,high,False,,Epic,"[""Maszyny"", ""Pilne""]",[],"{""Obszar gospodarstwa"": ""Technika""}"
work_item,Zapasy pasz i kiszonki,,,2026-02-01,2026-11-30,,,,,,,,,,,,,,,,EPIK-PASZE,<p>Epik gospodarstwa: Zapasy pasz i kiszonki. Obszar: Magazyn.</p>,W toku,high,False,,Epic,"[""Pasze""]",[],"{""Obszar gospodarstwa"": ""Magazyn""}"
work_item,Orka pola #1,,,,,,,,,,,,,,,,,,,,GOSP-001,<p>Zadanie gospodarstwa: Orka pola. Sektor A2. Numer wewnętrzny GR-2026-0001.</p>,Zaplanowane,high,False,EPIK-SIEW,,"[""Pola""]",[],"{""Pole / sektor"": ""A2"", ""Godziny pracy"": 2, ""Pogoda OK"": true}"
work_item,Siew pszenicy #2,,,2026-03-01,,,,,,,,,,,,,,,,,GOSP-002,<p>Zadanie gospodarstwa: Siew pszenicy. Sektor B1. Numer wewnętrzny GR-2026-0002.</p>,W toku,medium,False,EPIK-NAWOZ,,"[""Pola""]",[],"{""Pole / sektor"": ""B1"", ""Godziny pracy"": 3, ""Pogoda OK"": false}"
work_item,Oprysk fungicydem #3,,,,,,,,,,,,,,,,,,,,GOSP-003,<p>Zadanie gospodarstwa: Oprysk fungicydem. Sektor B2. Numer wewnętrzny GR-2026-0003.</p>,Oczekuje,low,False,EPIK-ZBIORY,,"[""Pola""]","[""pola@example.com""]","{""Pole / sektor"": ""B2"", ""Godziny pracy"": 4, ""Pogoda OK"": true}"
work_item,Rozsiew nawozu #4,,,2026-03-01,2026-09-30,,,,,,,,,,,,,,,,GOSP-004,<p>Zadanie gospodarstwa: Rozsiew nawozu. Sektor C1. Numer wewnętrzny GR-2026-0004.</p>,Zakończone,none,False,EPIK-OBORA,,"[""Nawozy""]",[],"{""Pole / sektor"": ""C1"", ""Godziny pracy"": 5, ""Pogoda OK"": false}"
work_item,Koszenie łąki #5,,,,,,,,,,,,,,,,,,,,GOSP-005,<p>Zadanie gospodarstwa: Koszenie łąki. Sektor Łąka N. Numer wewnętrzny GR-2026-0005.</p>,Anulowane,urgent,False,EPIK-MASZYNY,,"[""Pola""]",[],"{""Pole / sektor"": ""Łąka N"", ""Godziny pracy"": 6, ""Pogoda OK"": true}"
work_item,Przegląd ciągnika #6,,,2026-03-01,,,,,,,,,,,,,,,,,GOSP-006,<p>Zadanie gospodarstwa: Przegląd ciągnika. Sektor Obora. Numer wewnętrzny GR-2026-0006.</p>,Do zrobienia,high,False,EPIK-PASZE,,"[""Maszyny""]","[""maszyny@example.com""]","{""Pole / sektor"": ""Obora"", ""Godziny pracy"": 7, ""Pogoda OK"": false}"
work_item,Wymiana oleju w kombajnie #7,,,,,,,,,,,,,,,,,,,,GOSP-007,<p>Zadanie gospodarstwa: Wymiana oleju w kombajnie. Sektor A1. Numer wewnętrzny GR-2026-0007.</p>,Zaplanowane,medium,False,EPIK-SIEW,,"[""Maszyny"", ""Pilne""]",[],"{""Pole / sektor"": ""A1"", ""Godziny pracy"": 8, ""Pogoda OK"": true}"
work_item,Awaria prasy belującej #8,,,2026-03-01,2026-09-30,,,,,,,,,,,,,,,,GOSP-008,<p>Zadanie gospodarstwa: Awaria prasy belującej. Sektor A2. Numer wewnętrzny GR-2026-0008.</p>,W toku,low,False,EPIK-NAWOZ,,"[""Maszyny""]",[],"{""Pole / sektor"": ""A2"", ""Godziny pracy"": 9, ""Pogoda OK"": false}"
work_item,Dojenie — kontrola aparatury #9,,,,,,,,,,,,,,,,,,,,GOSP-009,<p>Zadanie gospodarstwa: Dojenie — kontrola aparatury. Sektor B1. Numer wewnętrzny GR-2026-0009.</p>,Oczekuje,none,False,EPIK-ZBIORY,,"[""Obora""]","[""nieistniejacy.rolnik@example.com"", ""nieistniejacy.rolnik@example.com""]","{""Pole / sektor"": ""B1"", ""Godziny pracy"": 10, ""Pogoda OK"": true}"
work_item,Szczepienie stada #10,,,2026-03-01,,,,,,,,,,,,,,,,,GOSP-010,<p>Zadanie gospodarstwa: Szczepienie stada. Sektor B2. Numer wewnętrzny GR-2026-0010.</p>,Zakończone,urgent,False,EPIK-OBORA,,"[""Obora""]",[],"{""Pole / sektor"": ""B2"", ""Godziny pracy"": 11, ""Pogoda OK"": false}"
work_item,Załadunek kiszonki #11,,,,,,,,,,,,,,,,,,,,GOSP-011,<p>Zadanie gospodarstwa: Załadunek kiszonki. Sektor C1. Numer wewnętrzny GR-2026-0011.</p>,Anulowane,high,False,EPIK-MASZYNY,Awaria,"[""Pasze""]",[],"{""Pole / sektor"": ""C1"", ""Godziny pracy"": 12, ""Pogoda OK"": true, ""Wpływ na produkcję"": ""Wysoki""}"
work_item,Inwentaryzacja magazynu pasz #12,,,2026-03-01,2026-09-30,,,,,,,,,,,,,,,,GOSP-012,<p>Zadanie gospodarstwa: Inwentaryzacja magazynu pasz. Sektor Łąka N. Numer wewnętrzny GR-2026-0012.</p>,Do zrobienia,medium,False,EPIK-PASZE,,"[""Pasze""]","[""obora@example.com""]","{""Pole / sektor"": ""Łąka N"", ""Godziny pracy"": 1, ""Pogoda OK"": false}"
work_item,Kalibracja siewnika #13,,,,,,,,,,,,,,,,,,,,GOSP-013,<p>Zadanie gospodarstwa: Kalibracja siewnika. Sektor Obora. Numer wewnętrzny GR-2026-0013.</p>,Zaplanowane,low,False,EPIK-SIEW,,"[""Maszyny""]",[],"{""Pole / sektor"": ""Obora"", ""Godziny pracy"": 2, ""Pogoda OK"": true}"
work_item,Odchwaszczanie międzyrzędzi #14,,,2026-03-01,,,,,,,,,,,,,,,,,GOSP-014,<p>Zadanie gospodarstwa: Odchwaszczanie międzyrzędzi. Sektor A1. Numer wewnętrzny GR-2026-0014.</p>,W toku,none,False,EPIK-NAWOZ,,"[""Pola"", ""Pilne""]",[],"{""Pole / sektor"": ""A1"", ""Godziny pracy"": 3, ""Pogoda OK"": false}"
work_item,Transport obornika #15,,,,,,,,,,,,,,,,,,,,GOSP-015,<p>Zadanie gospodarstwa: Transport obornika. Sektor A2. Numer wewnętrzny GR-2026-0015.</p>,Oczekuje,urgent,False,EPIK-ZBIORY,,"[""Nawozy""]","[""agronom@example.com""]","{""Pole / sektor"": ""A2"", ""Godziny pracy"": 4, ""Pogoda OK"": true}"
work_item,Orka pola #16,,,2026-03-01,2026-09-30,,,,,,,,,,,,,,,,GOSP-016,<p>Zadanie gospodarstwa: Orka pola. Sektor B1. Numer wewnętrzny GR-2026-0016.</p>,Zakończone,high,False,EPIK-OBORA,,"[""Pola""]",[],"{""Pole / sektor"": ""B1"", ""Godziny pracy"": 5, ""Pogoda OK"": false}"
work_item,Siew pszenicy #17,,,,,,,,,,,,,,,,,,,,GOSP-017,<p>Zadanie gospodarstwa: Siew pszenicy. Sektor B2. Numer wewnętrzny GR-2026-0017.</p>,Anulowane,medium,False,EPIK-MASZYNY,,"[""Pola""]",[],"{""Pole / sektor"": ""B2"", ""Godziny pracy"": 6, ""Pogoda OK"": true}"
work_item,Oprysk fungicydem #18,,,2026-03-01,,,,,,,,,,,,,,,,,GOSP-018,<p>Zadanie gospodarstwa: Oprysk fungicydem. Sektor C1. Numer wewnętrzny GR-2026-0018.</p>,Do zrobienia,low,False,EPIK-PASZE,,"[""Pola""]","[""pola@example.com"", ""nieistniejacy.rolnik@example.com""]","{""Pole / sektor"": ""C1"", ""Godziny pracy"": 7, ""Pogoda OK"": false}"
work_item,Rozsiew nawozu #19,,,,,,,,,,,,,,,,,,,,GOSP-019,<p>Zadanie gospodarstwa: Rozsiew nawozu. Sektor Łąka N. Numer wewnętrzny GR-2026-0019.</p>,Zaplanowane,none,False,EPIK-SIEW,,"[""Nawozy""]",[],"{""Pole / sektor"": ""Łąka N"", ""Godziny pracy"": 8, ""Pogoda OK"": true}"
work_item,Koszenie łąki #20,,,2026-03-01,2026-09-30,,,,,,,,,,,,,,,,GOSP-020,<p>Zadanie gospodarstwa: Koszenie łąki. Sektor Obora. Numer wewnętrzny GR-2026-0020.</p>,W toku,urgent,False,EPIK-NAWOZ,,"[""Pola""]",[],"{""Pole / sektor"": ""Obora"", ""Godziny pracy"": 9, ""Pogoda OK"": false}"
work_item,Przegląd ciągnika #21,,,,,,,,,,,,,,,,,,,,GOSP-021,<p>Zadanie gospodarstwa: Przegląd ciągnika. Sektor A1. Numer wewnętrzny GR-2026-0021.</p>,Oczekuje,high,False,EPIK-ZBIORY,,"[""Maszyny"", ""Pilne""]","[""maszyny@example.com""]","{""Pole / sektor"": ""A1"", ""Godziny pracy"": 10, ""Pogoda OK"": true}"
work_item,Wymiana oleju w kombajnie #22,,,2026-03-01,,,,,,,,,,,,,,,,,GOSP-022,<p>Zadanie gospodarstwa: Wymiana oleju w kombajnie. Sektor A2. Numer wewnętrzny GR-2026-0022.</p>,Zakończone,medium,False,EPIK-OBORA,Awaria,"[""Maszyny""]",[],"{""Pole / sektor"": ""A2"", ""Godziny pracy"": 11, ""Pogoda OK"": false, ""Wpływ na produkcję"": ""Średni""}"
work_item,Awaria prasy belującej #23,,,,,,,,,,,,,,,,,,,,GOSP-023,<p>Zadanie gospodarstwa: Awaria prasy belującej. Sektor B1. Numer wewnętrzny GR-2026-0023.</p>,Anulowane,low,False,EPIK-MASZYNY,,"[""Maszyny""]",[],"{""Pole / sektor"": ""B1"", ""Godziny pracy"": 12, ""Pogoda OK"": true}"
work_item,Dojenie — kontrola aparatury #24,,,2026-03-01,2026-09-30,,,,,,,,,,,,,,,,GOSP-024,<p>Zadanie gospodarstwa: Dojenie — kontrola aparatury. Sektor B2. Numer wewnętrzny GR-2026-0024.</p>,Do zrobienia,none,False,EPIK-PASZE,,"[""Obora""]","[""nieistniejacy.rolnik@example.com""]","{""Pole / sektor"": ""B2"", ""Godziny pracy"": 1, ""Pogoda OK"": false}"
work_item,Szczepienie stada #25,,,,,,,,,,,,,,,,,,,,GOSP-025,<p>Zadanie gospodarstwa: Szczepienie stada. Sektor C1. Numer wewnętrzny GR-2026-0025.</p>,Zaplanowane,urgent,False,EPIK-SIEW,,"[""Obora""]",[],"{""Pole / sektor"": ""C1"", ""Godziny pracy"": 2, ""Pogoda OK"": true}"
work_item,Załadunek kiszonki #26,,,2026-03-01,,,,,,,,,,,,,,,,,GOSP-026,<p>Zadanie gospodarstwa: Załadunek kiszonki. Sektor Łąka N. Numer wewnętrzny GR-2026-0026.</p>,W toku,high,False,EPIK-NAWOZ,,"[""Pasze""]",[],"{""Pole / sektor"": ""Łąka N"", ""Godziny pracy"": 3, ""Pogoda OK"": false}"
work_item,Inwentaryzacja magazynu pasz #27,,,,,,,,,,,,,,,,,,,,GOSP-027,<p>Zadanie gospodarstwa: Inwentaryzacja magazynu pasz. Sektor Obora. Numer wewnętrzny GR-2026-0027.</p>,Oczekuje,medium,False,EPIK-ZBIORY,,"[""Pasze""]","[""obora@example.com"", ""nieistniejacy.rolnik@example.com""]","{""Pole / sektor"": ""Obora"", ""Godziny pracy"": 4, ""Pogoda OK"": true}"
work_item,Kalibracja siewnika #28,,,2026-03-01,2026-09-30,,,,,,,,,,,,,,,,GOSP-028,<p>Zadanie gospodarstwa: Kalibracja siewnika. Sektor A1. Numer wewnętrzny GR-2026-0028.</p>,Zakończone,low,False,EPIK-OBORA,,"[""Maszyny"", ""Pilne""]",[],"{""Pole / sektor"": ""A1"", ""Godziny pracy"": 5, ""Pogoda OK"": false}"
work_item,Odchwaszczanie międzyrzędzi #29,,,,,,,,,,,,,,,,,,,,GOSP-029,<p>Zadanie gospodarstwa: Odchwaszczanie międzyrzędzi. Sektor A2. Numer wewnętrzny GR-2026-0029.</p>,Anulowane,none,False,EPIK-MASZYNY,,"[""Pola""]",[],"{""Pole / sektor"": ""A2"", ""Godziny pracy"": 6, ""Pogoda OK"": true}"
work_item,Transport obornika #30,,,2026-03-01,,,,,,,,,,,,,,,,,GOSP-030,<p>Zadanie gospodarstwa: Transport obornika. Sektor B1. Numer wewnętrzny GR-2026-0030.</p>,Do zrobienia,urgent,False,EPIK-PASZE,,"[""Nawozy""]","[""agronom@example.com""]","{""Pole / sektor"": ""B1"", ""Godziny pracy"": 7, ""Pogoda OK"": false}"
work_item,Orka pola #31,,,,,,,,,,,,,,,,,,,,GOSP-031,<p>Zadanie gospodarstwa: Orka pola. Sektor B2. Numer wewnętrzny GR-2026-0031.</p>,Zaplanowane,high,False,EPIK-SIEW,,"[""Pola""]",[],"{""Pole / sektor"": ""B2"", ""Godziny pracy"": 8, ""Pogoda OK"": true}"
work_item,Siew pszenicy #32,,,2026-03-01,2026-09-30,,,,,,,,,,,,,,,,GOSP-032,<p>Zadanie gospodarstwa: Siew pszenicy. Sektor C1. Numer wewnętrzny GR-2026-0032.</p>,W toku,medium,False,EPIK-NAWOZ,,"[""Pola""]",[],"{""Pole / sektor"": ""C1"", ""Godziny pracy"": 9, ""Pogoda OK"": false}"
work_item,Oprysk fungicydem #33,,,,,,,,,,,,,,,,,,,,GOSP-033,<p>Zadanie gospodarstwa: Oprysk fungicydem. Sektor Łąka N. Numer wewnętrzny GR-2026-0033.</p>,Oczekuje,low,False,EPIK-ZBIORY,Awaria,"[""Pola""]","[""pola@example.com""]","{""Pole / sektor"": ""Łąka N"", ""Godziny pracy"": 10, ""Pogoda OK"": true, ""Wpływ na produkcję"": ""Niski""}"
work_item,Rozsiew nawozu #34,,,2026-03-01,,,,,,,,,,,,,,,,,GOSP-034,<p>Zadanie gospodarstwa: Rozsiew nawozu. Sektor Obora. Numer wewnętrzny GR-2026-0034.</p>,Zakończone,none,False,EPIK-OBORA,,"[""Nawozy""]",[],"{""Pole / sektor"": ""Obora"", ""Godziny pracy"": 11, ""Pogoda OK"": false}"
work_item,Koszenie łąki #35,,,,,,,,,,,,,,,,,,,,GOSP-035,<p>Zadanie gospodarstwa: Koszenie łąki. Sektor A1. Numer wewnętrzny GR-2026-0035.</p>,Anulowane,urgent,False,EPIK-MASZYNY,,"[""Pola"", ""Pilne""]",[],"{""Pole / sektor"": ""A1"", ""Godziny pracy"": 12, ""Pogoda OK"": true}"
work_item,Przegląd ciągnika #36,,,2026-03-01,2026-09-30,,,,,,,,,,,,,,,,GOSP-036,<p>Zadanie gospodarstwa: Przegląd ciągnika. Sektor A2. Numer wewnętrzny GR-2026-0036.</p>,Do zrobienia,high,False,EPIK-PASZE,,"[""Maszyny""]","[""maszyny@example.com"", ""nieistniejacy.rolnik@example.com""]","{""Pole / sektor"": ""A2"", ""Godziny pracy"": 1, ""Pogoda OK"": false}"
work_item,Wymiana oleju w kombajnie #37,,,,,,,,,,,,,,,,,,,,GOSP-037,<p>Zadanie gospodarstwa: Wymiana oleju w kombajnie. Sektor B1. Numer wewnętrzny GR-2026-0037.</p>,Zaplanowane,medium,False,EPIK-SIEW,,"[""Maszyny""]",[],"{""Pole / sektor"": ""B1"", ""Godziny pracy"": 2, ""Pogoda OK"": true}"
work_item,Awaria prasy belującej #38,,,2026-03-01,,,,,,,,,,,,,,,,,GOSP-038,<p>Zadanie gospodarstwa: Awaria prasy belującej. Sektor B2. Numer wewnętrzny GR-2026-0038.</p>,W toku,low,False,EPIK-NAWOZ,,"[""Maszyny""]",[],"{""Pole / sektor"": ""B2"", ""Godziny pracy"": 3, ""Pogoda OK"": false}"
work_item,Dojenie — kontrola aparatury #39,,,,,,,,,,,,,,,,,,,,GOSP-039,<p>Zadanie gospodarstwa: Dojenie — kontrola aparatury. Sektor C1. Numer wewnętrzny GR-2026-0039.</p>,Oczekuje,none,False,EPIK-ZBIORY,,"[""Obora""]","[""nieistniejacy.rolnik@example.com""]","{""Pole / sektor"": ""C1"", ""Godziny pracy"": 4, ""Pogoda OK"": true}"
work_item,Szczepienie stada #40,,,2026-03-01,2026-09-30,,,,,,,,,,,,,,,,GOSP-040,<p>Zadanie gospodarstwa: Szczepienie stada. Sektor Łąka N. Numer wewnętrzny GR-2026-0040.</p>,Zakończone,urgent,False,EPIK-OBORA,,"[""Obora""]",[],"{""Pole / sektor"": ""Łąka N"", ""Godziny pracy"": 5, ""Pogoda OK"": false}"
work_item,Załadunek kiszonki #41,,,,,,,,,,,,,,,,,,,,GOSP-041,<p>Zadanie gospodarstwa: Załadunek kiszonki. Sektor Obora. Numer wewnętrzny GR-2026-0041.</p>,Anulowane,high,False,EPIK-MASZYNY,,"[""Pasze""]",[],"{""Pole / sektor"": ""Obora"", ""Godziny pracy"": 6, ""Pogoda OK"": true}"
work_item,Inwentaryzacja magazynu pasz #42,,,2026-03-01,,,,,,,,,,,,,,,,,GOSP-042,<p>Zadanie gospodarstwa: Inwentaryzacja magazynu pasz. Sektor A1. Numer wewnętrzny GR-2026-0042.</p>,Do zrobienia,medium,False,EPIK-PASZE,,"[""Pasze"", ""Pilne""]","[""obora@example.com""]","{""Pole / sektor"": ""A1"", ""Godziny pracy"": 7, ""Pogoda OK"": false}"
work_item,Kalibracja siewnika #43,,,,,,,,,,,,,,,,,,,,GOSP-043,<p>Zadanie gospodarstwa: Kalibracja siewnika. Sektor A2. Numer wewnętrzny GR-2026-0043.</p>,Zaplanowane,low,False,EPIK-SIEW,,"[""Maszyny""]",[],"{""Pole / sektor"": ""A2"", ""Godziny pracy"": 8, ""Pogoda OK"": true}"
work_item,Odchwaszczanie międzyrzędzi #44,,,2026-03-01,2026-09-30,,,,,,,,,,,,,,,,GOSP-044,<p>Zadanie gospodarstwa: Odchwaszczanie międzyrzędzi. Sektor B1. Numer wewnętrzny GR-2026-0044.</p>,W toku,none,False,EPIK-NAWOZ,Awaria,"[""Pola""]",[],"{""Pole / sektor"": ""B1"", ""Godziny pracy"": 9, ""Pogoda OK"": false, ""Wpływ na produkcję"": ""Wysoki""}"
work_item,Transport obornika #45,,,,,,,,,,,,,,,,,,,,GOSP-045,<p>Zadanie gospodarstwa: Transport obornika. Sektor B2. Numer wewnętrzny GR-2026-0045.</p>,Oczekuje,urgent,False,EPIK-ZBIORY,,"[""Nawozy""]","[""agronom@example.com"", ""nieistniejacy.rolnik@example.com""]","{""Pole / sektor"": ""B2"", ""Godziny pracy"": 10, ""Pogoda OK"": true}"
work_item,Orka pola #46,,,2026-03-01,,,,,,,,,,,,,,,,,GOSP-046,<p>Zadanie gospodarstwa: Orka pola. Sektor C1. Numer wewnętrzny GR-2026-0046.</p>,Zakończone,high,False,EPIK-OBORA,,"[""Pola""]",[],"{""Pole / sektor"": ""C1"", ""Godziny pracy"": 11, ""Pogoda OK"": false}"
work_item,Siew pszenicy #47,,,,,,,,,,,,,,,,,,,,GOSP-047,<p>Zadanie gospodarstwa: Siew pszenicy. Sektor Łąka N. Numer wewnętrzny GR-2026-0047.</p>,Anulowane,medium,False,EPIK-MASZYNY,,"[""Pola""]",[],"{""Pole / sektor"": ""Łąka N"", ""Godziny pracy"": 12, ""Pogoda OK"": true}"
work_item,Oprysk fungicydem #48,,,2026-03-01,2026-09-30,,,,,,,,,,,,,,,,GOSP-048,<p>Zadanie gospodarstwa: Oprysk fungicydem. Sektor Obora. Numer wewnętrzny GR-2026-0048.</p>,Do zrobienia,low,False,EPIK-PASZE,,"[""Pola""]","[""pola@example.com""]","{""Pole / sektor"": ""Obora"", ""Godziny pracy"": 1, ""Pogoda OK"": false}"
work_item,Rozsiew nawozu #49,,,,,,,,,,,,,,,,,,,,GOSP-049,<p>Zadanie gospodarstwa: Rozsiew nawozu. Sektor A1. Numer wewnętrzny GR-2026-0049.</p>,Zaplanowane,none,False,EPIK-SIEW,,"[""Nawozy"", ""Pilne""]",[],"{""Pole / sektor"": ""A1"", ""Godziny pracy"": 2, ""Pogoda OK"": true}"
work_item,Koszenie łąki #50,,,2026-03-01,,,,,,,,,,,,,,,,,GOSP-050,<p>Zadanie gospodarstwa: Koszenie łąki. Sektor A2. Numer wewnętrzny GR-2026-0050.</p>,W toku,urgent,False,EPIK-NAWOZ,,"[""Pola""]",[],"{""Pole / sektor"": ""A2"", ""Godziny pracy"": 3, ""Pogoda OK"": false}"
work_item,Przegląd ciągnika #51,,,,,,,,,,,,,,,,,,,,GOSP-051,<p>Zadanie gospodarstwa: Przegląd ciągnika. Sektor B1. Numer wewnętrzny GR-2026-0051.</p>,Oczekuje,high,False,EPIK-ZBIORY,,"[""Maszyny""]","[""maszyny@example.com""]","{""Pole / sektor"": ""B1"", ""Godziny pracy"": 4, ""Pogoda OK"": true}"
work_item,Wymiana oleju w kombajnie #52,,,2026-03-01,2026-09-30,,,,,,,,,,,,,,,,GOSP-052,<p>Zadanie gospodarstwa: Wymiana oleju w kombajnie. Sektor B2. Numer wewnętrzny GR-2026-0052.</p>,Zakończone,medium,False,EPIK-OBORA,,"[""Maszyny""]",[],"{""Pole / sektor"": ""B2"", ""Godziny pracy"": 5, ""Pogoda OK"": false}"
work_item,Awaria prasy belującej #53,,,,,,,,,,,,,,,,,,,,GOSP-053,<p>Zadanie gospodarstwa: Awaria prasy belującej. Sektor C1. Numer wewnętrzny GR-2026-0053.</p>,Anulowane,low,False,EPIK-MASZYNY,,"[""Maszyny""]",[],"{""Pole / sektor"": ""C1"", ""Godziny pracy"": 6, ""Pogoda OK"": true}"
work_item,Dojenie — kontrola aparatury #54,,,2026-03-01,,,,,,,,,,,,,,,,,GOSP-054,<p>Zadanie gospodarstwa: Dojenie — kontrola aparatury. Sektor Łąka N. Numer wewnętrzny GR-2026-0054.</p>,Do zrobienia,none,False,EPIK-PASZE,,"[""Obora""]","[""nieistniejacy.rolnik@example.com"", ""nieistniejacy.rolnik@example.com""]","{""Pole / sektor"": ""Łąka N"", ""Godziny pracy"": 7, ""Pogoda OK"": false}"
work_item,Szczepienie stada #55,,,,,,,,,,,,,,,,,,,,GOSP-055,<p>Zadanie gospodarstwa: Szczepienie stada. Sektor Obora. Numer wewnętrzny GR-2026-0055.</p>,Zaplanowane,urgent,False,EPIK-SIEW,Awaria,"[""Obora""]",[],"{""Pole / sektor"": ""Obora"", ""Godziny pracy"": 8, ""Pogoda OK"": true, ""Wpływ na produkcję"": ""Średni""}"
work_item,Załadunek kiszonki #56,,,2026-03-01,2026-09-30,,,,,,,,,,,,,,,,GOSP-056,<p>Zadanie gospodarstwa: Załadunek kiszonki. Sektor A1. Numer wewnętrzny GR-2026-0056.</p>,W toku,high,False,EPIK-NAWOZ,,"[""Pasze"", ""Pilne""]",[],"{""Pole / sektor"": ""A1"", ""Godziny pracy"": 9, ""Pogoda OK"": false}"
work_item,Inwentaryzacja magazynu pasz #57,,,,,,,,,,,,,,,,,,,,GOSP-057,<p>Zadanie gospodarstwa: Inwentaryzacja magazynu pasz. Sektor A2. Numer wewnętrzny GR-2026-0057.</p>,Oczekuje,medium,False,EPIK-ZBIORY,,"[""Pasze""]","[""obora@example.com""]","{""Pole / sektor"": ""A2"", ""Godziny pracy"": 10, ""Pogoda OK"": true}"
work_item,Kalibracja siewnika #58,,,2026-03-01,,,,,,,,,,,,,,,,,GOSP-058,<p>Zadanie gospodarstwa: Kalibracja siewnika. Sektor B1. Numer wewnętrzny GR-2026-0058.</p>,Zakończone,low,False,EPIK-OBORA,,"[""Maszyny""]",[],"{""Pole / sektor"": ""B1"", ""Godziny pracy"": 11, ""Pogoda OK"": false}"
work_item,Odchwaszczanie międzyrzędzi #59,,,,,,,,,,,,,,,,,,,,GOSP-059,<p>Zadanie gospodarstwa: Odchwaszczanie międzyrzędzi. Sektor B2. Numer wewnętrzny GR-2026-0059.</p>,Anulowane,none,False,EPIK-MASZYNY,,"[""Pola""]",[],"{""Pole / sektor"": ""B2"", ""Godziny pracy"": 12, ""Pogoda OK"": true}"
work_item,Transport obornika #60,,,2026-03-01,2026-09-30,,,,,,,,,,,,,,,,GOSP-060,<p>Zadanie gospodarstwa: Transport obornika. Sektor C1. Numer wewnętrzny GR-2026-0060.</p>,Do zrobienia,urgent,False,EPIK-PASZE,,"[""Nawozy""]","[""agronom@example.com""]","{""Pole / sektor"": ""C1"", ""Godziny pracy"": 1, ""Pogoda OK"": false}"
work_item,Orka pola #61,,,,,,,,,,,,,,,,,,,,GOSP-061,<p>Zadanie gospodarstwa: Orka pola. Sektor Łąka N. Numer wewnętrzny GR-2026-0061.</p>,Zaplanowane,high,False,EPIK-SIEW,,"[""Pola""]",[],"{""Pole / sektor"": ""Łąka N"", ""Godziny pracy"": 2, ""Pogoda OK"": true}"
work_item,Siew pszenicy #62,,,2026-03-01,,,,,,,,,,,,,,,,,GOSP-062,<p>Zadanie gospodarstwa: Siew pszenicy. Sektor Obora. Numer wewnętrzny GR-2026-0062.</p>,W toku,medium,False,EPIK-NAWOZ,,"[""Pola""]",[],"{""Pole / sektor"": ""Obora"", ""Godziny pracy"": 3, ""Pogoda OK"": false}"
work_item,Oprysk fungicydem #63,,,,,,,,,,,,,,,,,,,,GOSP-063,<p>Zadanie gospodarstwa: Oprysk fungicydem. Sektor A1. Numer wewnętrzny GR-2026-0063.</p>,Oczekuje,low,False,EPIK-ZBIORY,,"[""Pola"", ""Pilne""]","[""pola@example.com"", ""nieistniejacy.rolnik@example.com""]","{""Pole / sektor"": ""A1"", ""Godziny pracy"": 4, ""Pogoda OK"": true}"
work_item,Rozsiew nawozu #64,,,2026-03-01,2026-09-30,,,,,,,,,,,,,,,,GOSP-064,<p>Zadanie gospodarstwa: Rozsiew nawozu. Sektor A2. Numer wewnętrzny GR-2026-0064.</p>,Zakończone,none,False,EPIK-OBORA,,"[""Nawozy""]",[],"{""Pole / sektor"": ""A2"", ""Godziny pracy"": 5, ""Pogoda OK"": false}"
work_item,Koszenie łąki #65,,,,,,,,,,,,,,,,,,,,GOSP-065,<p>Zadanie gospodarstwa: Koszenie łąki. Sektor B1. Numer wewnętrzny GR-2026-0065.</p>,Anulowane,urgent,False,EPIK-MASZYNY,,"[""Pola""]",[],"{""Pole / sektor"": ""B1"", ""Godziny pracy"": 6, ""Pogoda OK"": true}"
work_item,Przegląd ciągnika #66,,,2026-03-01,,,,,,,,,,,,,,,,,GOSP-066,<p>Zadanie gospodarstwa: Przegląd ciągnika. Sektor B2. Numer wewnętrzny GR-2026-0066.</p>,Do zrobienia,high,False,EPIK-PASZE,Awaria,"[""Maszyny""]","[""maszyny@example.com""]","{""Pole / sektor"": ""B2"", ""Godziny pracy"": 7, ""Pogoda OK"": false, ""Wpływ na produkcję"": ""Niski""}"
work_item,Wymiana oleju w kombajnie #67,,,,,,,,,,,,,,,,,,,,GOSP-067,<p>Zadanie gospodarstwa: Wymiana oleju w kombajnie. Sektor C1. Numer wewnętrzny GR-2026-0067.</p>,Zaplanowane,medium,False,EPIK-SIEW,,"[""Maszyny""]",[],"{""Pole / sektor"": ""C1"", ""Godziny pracy"": 8, ""Pogoda OK"": true}"
work_item,Awaria prasy belującej #68,,,2026-03-01,2026-09-30,,,,,,,,,,,,,,,,GOSP-068,<p>Zadanie gospodarstwa: Awaria prasy belującej. Sektor Łąka N. Numer wewnętrzny GR-2026-0068.</p>,W toku,low,False,EPIK-NAWOZ,,"[""Maszyny""]",[],"{""Pole / sektor"": ""Łąka N"", ""Godziny pracy"": 9, ""Pogoda OK"": false}"
work_item,Dojenie — kontrola aparatury #69,,,,,,,,,,,,,,,,,,,,GOSP-069,<p>Zadanie gospodarstwa: Dojenie — kontrola aparatury. Sektor Obora. Numer wewnętrzny GR-2026-0069.</p>,Oczekuje,none,False,EPIK-ZBIORY,,"[""Obora""]","[""nieistniejacy.rolnik@example.com""]","{""Pole / sektor"": ""Obora"", ""Godziny pracy"": 10, ""Pogoda OK"": true}"
work_item,Szczepienie stada #70,,,2026-03-01,,,,,,,,,,,,,,,,,GOSP-070,<p>Zadanie gospodarstwa: Szczepienie stada. Sektor A1. Numer wewnętrzny GR-2026-0070.</p>,Zakończone,urgent,False,EPIK-OBORA,,"[""Obora"", ""Pilne""]",[],"{""Pole / sektor"": ""A1"", ""Godziny pracy"": 11, ""Pogoda OK"": false}"
work_item,Załadunek kiszonki #71,,,,,,,,,,,,,,,,,,,,GOSP-071,<p>Zadanie gospodarstwa: Załadunek kiszonki. Sektor A2. Numer wewnętrzny GR-2026-0071.</p>,Anulowane,high,False,EPIK-MASZYNY,,"[""Pasze""]",[],"{""Pole / sektor"": ""A2"", ""Godziny pracy"": 12, ""Pogoda OK"": true}"
work_item,Inwentaryzacja magazynu pasz #72,,,2026-03-01,2026-09-30,,,,,,,,,,,,,,,,GOSP-072,<p>Zadanie gospodarstwa: Inwentaryzacja magazynu pasz. Sektor B1. Numer wewnętrzny GR-2026-0072.</p>,Do zrobienia,medium,False,EPIK-PASZE,,"[""Pasze""]","[""obora@example.com"", ""nieistniejacy.rolnik@example.com""]","{""Pole / sektor"": ""B1"", ""Godziny pracy"": 1, ""Pogoda OK"": false}"
work_item,Kalibracja siewnika #73,,,,,,,,,,,,,,,,,,,,GOSP-073,<p>Zadanie gospodarstwa: Kalibracja siewnika. Sektor B2. Numer wewnętrzny GR-2026-0073.</p>,Zaplanowane,low,False,EPIK-SIEW,,"[""Maszyny""]",[],"{""Pole / sektor"": ""B2"", ""Godziny pracy"": 2, ""Pogoda OK"": true}"
work_item,Odchwaszczanie międzyrzędzi #74,,,2026-03-01,,,,,,,,,,,,,,,,,GOSP-074,<p>Zadanie gospodarstwa: Odchwaszczanie międzyrzędzi. Sektor C1. Numer wewnętrzny GR-2026-0074.</p>,W toku,none,False,EPIK-NAWOZ,,"[""Pola""]",[],"{""Pole / sektor"": ""C1"", ""Godziny pracy"": 3, ""Pogoda OK"": false}"
work_item,Transport obornika #75,,,,,,,,,,,,,,,,,,,,GOSP-075,<p>Zadanie gospodarstwa: Transport obornika. Sektor Łąka N. Numer wewnętrzny GR-2026-0075.</p>,Oczekuje,urgent,False,EPIK-ZBIORY,,"[""Nawozy""]","[""agronom@example.com""]","{""Pole / sektor"": ""Łąka N"", ""Godziny pracy"": 4, ""Pogoda OK"": true}"
work_item,Orka pola #76,,,2026-03-01,2026-09-30,,,,,,,,,,,,,,,,GOSP-076,<p>Zadanie gospodarstwa: Orka pola. Sektor Obora. Numer wewnętrzny GR-2026-0076.</p>,Zakończone,high,False,EPIK-OBORA,,"[""Pola""]",[],"{""Pole / sektor"": ""Obora"", ""Godziny pracy"": 5, ""Pogoda OK"": false}"
work_item,Siew pszenicy #77,,,,,,,,,,,,,,,,,,,,GOSP-077,<p>Zadanie gospodarstwa: Siew pszenicy. Sektor A1. Numer wewnętrzny GR-2026-0077.</p>,Anulowane,medium,False,EPIK-MASZYNY,Awaria,"[""Pola"", ""Pilne""]",[],"{""Pole / sektor"": ""A1"", ""Godziny pracy"": 6, ""Pogoda OK"": true, ""Wpływ na produkcję"": ""Wysoki""}"
work_item,Oprysk fungicydem #78,,,2026-03-01,,,,,,,,,,,,,,,,,GOSP-078,<p>Zadanie gospodarstwa: Oprysk fungicydem. Sektor A2. Numer wewnętrzny GR-2026-0078.</p>,Do zrobienia,low,False,EPIK-PASZE,,"[""Pola""]","[""pola@example.com""]","{""Pole / sektor"": ""A2"", ""Godziny pracy"": 7, ""Pogoda OK"": false}"
work_item,Rozsiew nawozu #79,,,,,,,,,,,,,,,,,,,,GOSP-079,<p>Zadanie gospodarstwa: Rozsiew nawozu. Sektor B1. Numer wewnętrzny GR-2026-0079.</p>,Zaplanowane,none,False,EPIK-SIEW,,"[""Nawozy""]",[],"{""Pole / sektor"": ""B1"", ""Godziny pracy"": 8, ""Pogoda OK"": true}"
work_item,Koszenie łąki #80,,,2026-03-01,2026-09-30,,,,,,,,,,,,,,,,GOSP-080,<p>Zadanie gospodarstwa: Koszenie łąki. Sektor B2. Numer wewnętrzny GR-2026-0080.</p>,W toku,urgent,False,EPIK-NAWOZ,,"[""Pola""]",[],"{""Pole / sektor"": ""B2"", ""Godziny pracy"": 9, ""Pogoda OK"": false}"
work_item,Przegląd ciągnika #81,,,,,,,,,,,,,,,,,,,,GOSP-081,<p>Zadanie gospodarstwa: Przegląd ciągnika. Sektor C1. Numer wewnętrzny GR-2026-0081.</p>,Oczekuje,high,False,EPIK-ZBIORY,,"[""Maszyny""]","[""maszyny@example.com"", ""nieistniejacy.rolnik@example.com""]","{""Pole / sektor"": ""C1"", ""Godziny pracy"": 10, ""Pogoda OK"": true}"
work_item,Wymiana oleju w kombajnie #82,,,2026-03-01,,,,,,,,,,,,,,,,,GOSP-082,<p>Zadanie gospodarstwa: Wymiana oleju w kombajnie. Sektor Łąka N. Numer wewnętrzny GR-2026-0082.</p>,Zakończone,medium,False,EPIK-OBORA,,"[""Maszyny""]",[],"{""Pole / sektor"": ""Łąka N"", ""Godziny pracy"": 11, ""Pogoda OK"": false}"
work_item,Awaria prasy belującej #83,,,,,,,,,,,,,,,,,,,,GOSP-083,<p>Zadanie gospodarstwa: Awaria prasy belującej. Sektor Obora. Numer wewnętrzny GR-2026-0083.</p>,Anulowane,low,False,EPIK-MASZYNY,,"[""Maszyny""]",[],"{""Pole / sektor"": ""Obora"", ""Godziny pracy"": 12, ""Pogoda OK"": true}"
work_item,Dojenie — kontrola aparatury #84,,,2026-03-01,2026-09-30,,,,,,,,,,,,,,,,GOSP-084,<p>Zadanie gospodarstwa: Dojenie — kontrola aparatury. Sektor A1. Numer wewnętrzny GR-2026-0084.</p>,Do zrobienia,none,False,EPIK-PASZE,,"[""Obora"", ""Pilne""]","[""nieistniejacy.rolnik@example.com""]","{""Pole / sektor"": ""A1"", ""Godziny pracy"": 1, ""Pogoda OK"": false}"
work_item,Szczepienie stada #85,,,,,,,,,,,,,,,,,,,,GOSP-085,<p>Zadanie gospodarstwa: Szczepienie stada. Sektor A2. Numer wewnętrzny GR-2026-0085.</p>,Zaplanowane,urgent,False,EPIK-SIEW,,"[""Obora""]",[],"{""Pole / sektor"": ""A2"", ""Godziny pracy"": 2, ""Pogoda OK"": true}"
work_item,Załadunek kiszonki #86,,,2026-03-01,,,,,,,,,,,,,,,,,GOSP-086,<p>Zadanie gospodarstwa: Załadunek kiszonki. Sektor B1. Numer wewnętrzny GR-2026-0086.</p>,W toku,high,False,EPIK-NAWOZ,,"[""Pasze""]",[],"{""Pole / sektor"": ""B1"", ""Godziny pracy"": 3, ""Pogoda OK"": false}"
work_item,Inwentaryzacja magazynu pasz #87,,,,,,,,,,,,,,,,,,,,GOSP-087,<p>Zadanie gospodarstwa: Inwentaryzacja magazynu pasz. Sektor B2. Numer wewnętrzny GR-2026-0087.</p>,Oczekuje,medium,False,EPIK-ZBIORY,,"[""Pasze""]","[""obora@example.com""]","{""Pole / sektor"": ""B2"", ""Godziny pracy"": 4, ""Pogoda OK"": true}"
work_item,Kalibracja siewnika #88,,,2026-03-01,2026-09-30,,,,,,,,,,,,,,,,GOSP-088,<p>Zadanie gospodarstwa: Kalibracja siewnika. Sektor C1. Numer wewnętrzny GR-2026-0088.</p>,Zakończone,low,False,EPIK-OBORA,Awaria,"[""Maszyny""]",[],"{""Pole / sektor"": ""C1"", ""Godziny pracy"": 5, ""Pogoda OK"": false, ""Wpływ na produkcję"": ""Średni""}"
work_item,Odchwaszczanie międzyrzędzi #89,,,,,,,,,,,,,,,,,,,,GOSP-089,<p>Zadanie gospodarstwa: Odchwaszczanie międzyrzędzi. Sektor Łąka N. Numer wewnętrzny GR-2026-0089.</p>,Anulowane,none,False,EPIK-MASZYNY,,"[""Pola""]",[],"{""Pole / sektor"": ""Łąka N"", ""Godziny pracy"": 6, ""Pogoda OK"": true}"
work_item,Transport obornika #90,,,2026-03-01,,,,,,,,,,,,,,,,,GOSP-090,<p>Zadanie gospodarstwa: Transport obornika. Sektor Obora. Numer wewnętrzny GR-2026-0090.</p>,Do zrobienia,urgent,False,EPIK-PASZE,,"[""Nawozy""]","[""agronom@example.com"", ""nieistniejacy.rolnik@example.com""]","{""Pole / sektor"": ""Obora"", ""Godziny pracy"": 7, ""Pogoda OK"": false}"
work_item,Orka pola #91,,,,,,,,,,,,,,,,,,,,GOSP-091,<p>Zadanie gospodarstwa: Orka pola. Sektor A1. Numer wewnętrzny GR-2026-0091.</p>,Zaplanowane,high,False,EPIK-SIEW,,"[""Pola"", ""Pilne""]",[],"{""Pole / sektor"": ""A1"", ""Godziny pracy"": 8, ""Pogoda OK"": true}"
work_item,Siew pszenicy #92,,,2026-03-01,2026-09-30,,,,,,,,,,,,,,,,GOSP-092,<p>Zadanie gospodarstwa: Siew pszenicy. Sektor A2. Numer wewnętrzny GR-2026-0092.</p>,W toku,medium,False,EPIK-NAWOZ,,"[""Pola""]",[],"{""Pole / sektor"": ""A2"", ""Godziny pracy"": 9, ""Pogoda OK"": false}"
work_item,Oprysk fungicydem #93,,,,,,,,,,,,,,,,,,,,GOSP-093,<p>Zadanie gospodarstwa: Oprysk fungicydem. Sektor B1. Numer wewnętrzny GR-2026-0093.</p>,Oczekuje,low,False,EPIK-ZBIORY,,"[""Pola""]","[""pola@example.com""]","{""Pole / sektor"": ""B1"", ""Godziny pracy"": 10, ""Pogoda OK"": true}"
work_item,Rozsiew nawozu #94,,,2026-03-01,,,,,,,,,,,,,,,,,GOSP-094,<p>Zadanie gospodarstwa: Rozsiew nawozu. Sektor B2. Numer wewnętrzny GR-2026-0094.</p>,Zakończone,none,False,EPIK-OBORA,,"[""Nawozy""]",[],"{""Pole / sektor"": ""B2"", ""Godziny pracy"": 11, ""Pogoda OK"": false}"
work_item,Koszenie łąki #95,,,,,,,,,,,,,,,,,,,,GOSP-095,<p>Zadanie gospodarstwa: Koszenie łąki. Sektor C1. Numer wewnętrzny GR-2026-0095.</p>,Anulowane,urgent,False,EPIK-MASZYNY,,"[""Pola""]",[],"{""Pole / sektor"": ""C1"", ""Godziny pracy"": 12, ""Pogoda OK"": true}"
work_item,Przegląd ciągnika #96,,,2026-03-01,2026-09-30,,,,,,,,,,,,,,,,GOSP-096,<p>Zadanie gospodarstwa: Przegląd ciągnika. Sektor Łąka N. Numer wewnętrzny GR-2026-0096.</p>,Do zrobienia,high,False,EPIK-PASZE,,"[""Maszyny""]","[""maszyny@example.com""]","{""Pole / sektor"": ""Łąka N"", ""Godziny pracy"": 1, ""Pogoda OK"": false}"
work_item,Wymiana oleju w kombajnie #97,,,,,,,,,,,,,,,,,,,,GOSP-097,<p>Zadanie gospodarstwa: Wymiana oleju w kombajnie. Sektor Obora. Numer wewnętrzny GR-2026-0097.</p>,Zaplanowane,medium,False,EPIK-SIEW,,"[""Maszyny""]",[],"{""Pole / sektor"": ""Obora"", ""Godziny pracy"": 2, ""Pogoda OK"": true}"
work_item,Awaria prasy belującej #98,,,2026-03-01,,,,,,,,,,,,,,,,,GOSP-098,<p>Zadanie gospodarstwa: Awaria prasy belującej. Sektor A1. Numer wewnętrzny GR-2026-0098.</p>,W toku,low,False,EPIK-NAWOZ,,"[""Maszyny"", ""Pilne""]",[],"{""Pole / sektor"": ""A1"", ""Godziny pracy"": 3, ""Pogoda OK"": false}"
work_item,Dojenie — kontrola aparatury #99,,,,,,,,,,,,,,,,,,,,GOSP-099,<p>Zadanie gospodarstwa: Dojenie — kontrola aparatury. Sektor A2. Numer wewnętrzny GR-2026-0099.</p>,Oczekuje,none,False,EPIK-ZBIORY,Awaria,"[""Obora""]","[""nieistniejacy.rolnik@example.com"", ""nieistniejacy.rolnik@example.com""]","{""Pole / sektor"": ""A2"", ""Godziny pracy"": 4, ""Pogoda OK"": true, ""Wpływ na produkcję"": ""Niski""}"
work_item,Szczepienie stada #100,,,2026-03-01,2026-09-30,,,,,,,,,,,,,,,,GOSP-100,<p>Zadanie gospodarstwa: Szczepienie stada. Sektor B1. Numer wewnętrzny GR-2026-0100.</p>,Zakończone,urgent,False,EPIK-OBORA,,"[""Obora""]",[],"{""Pole / sektor"": ""B1"", ""Godziny pracy"": 5, ""Pogoda OK"": false}"
work_item,Załadunek kiszonki #101,,,,,,,,,,,,,,,,,,,,GOSP-101,<p>Zadanie gospodarstwa: Załadunek kiszonki. Sektor B2. Numer wewnętrzny GR-2026-0101.</p>,Anulowane,high,False,EPIK-MASZYNY,,"[""Pasze""]",[],"{""Pole / sektor"": ""B2"", ""Godziny pracy"": 6, ""Pogoda OK"": true}"
work_item,Inwentaryzacja magazynu pasz #102,,,2026-03-01,,,,,,,,,,,,,,,,,GOSP-102,<p>Zadanie gospodarstwa: Inwentaryzacja magazynu pasz. Sektor C1. Numer wewnętrzny GR-2026-0102.</p>,Do zrobienia,medium,False,EPIK-PASZE,,"[""Pasze""]","[""obora@example.com""]","{""Pole / sektor"": ""C1"", ""Godziny pracy"": 7, ""Pogoda OK"": false}"
work_item,Kalibracja siewnika #103,,,,,,,,,,,,,,,,,,,,GOSP-103,<p>Zadanie gospodarstwa: Kalibracja siewnika. Sektor Łąka N. Numer wewnętrzny GR-2026-0103.</p>,Zaplanowane,low,False,EPIK-SIEW,,"[""Maszyny""]",[],"{""Pole / sektor"": ""Łąka N"", ""Godziny pracy"": 8, ""Pogoda OK"": true}"
work_item,Odchwaszczanie międzyrzędzi #104,,,2026-03-01,2026-09-30,,,,,,,,,,,,,,,,GOSP-104,<p>Zadanie gospodarstwa: Odchwaszczanie międzyrzędzi. Sektor Obora. Numer wewnętrzny GR-2026-0104.</p>,W toku,none,False,EPIK-NAWOZ,,"[""Pola""]",[],"{""Pole / sektor"": ""Obora"", ""Godziny pracy"": 9, ""Pogoda OK"": false}"
work_item,Transport obornika #105,,,,,,,,,,,,,,,,,,,,GOSP-105,<p>Zadanie gospodarstwa: Transport obornika. Sektor A1. Numer wewnętrzny GR-2026-0105.</p>,Oczekuje,urgent,False,EPIK-ZBIORY,,"[""Nawozy"", ""Pilne""]","[""agronom@example.com""]","{""Pole / sektor"": ""A1"", ""Godziny pracy"": 10, ""Pogoda OK"": true}"
work_item,Orka pola #106,,,2026-03-01,,,,,,,,,,,,,,,,,GOSP-106,<p>Zadanie gospodarstwa: Orka pola. Sektor A2. Numer wewnętrzny GR-2026-0106.</p>,Zakończone,high,False,EPIK-OBORA,,"[""Pola""]",[],"{""Pole / sektor"": ""A2"", ""Godziny pracy"": 11, ""Pogoda OK"": false}"
work_item,Siew pszenicy #107,,,,,,,,,,,,,,,,,,,,GOSP-107,<p>Zadanie gospodarstwa: Siew pszenicy. Sektor B1. Numer wewnętrzny GR-2026-0107.</p>,Anulowane,medium,False,EPIK-MASZYNY,,"[""Pola""]",[],"{""Pole / sektor"": ""B1"", ""Godziny pracy"": 12, ""Pogoda OK"": true}"
work_item,Oprysk fungicydem #108,,,2026-03-01,2026-09-30,,,,,,,,,,,,,,,,GOSP-108,<p>Zadanie gospodarstwa: Oprysk fungicydem. Sektor B2. Numer wewnętrzny GR-2026-0108.</p>,Do zrobienia,low,False,EPIK-PASZE,,"[""Pola""]","[""pola@example.com"", ""nieistniejacy.rolnik@example.com""]","{""Pole / sektor"": ""B2"", ""Godziny pracy"": 1, ""Pogoda OK"": false}"
work_item,Rozsiew nawozu #109,,,,,,,,,,,,,,,,,,,,GOSP-109,<p>Zadanie gospodarstwa: Rozsiew nawozu. Sektor C1. Numer wewnętrzny GR-2026-0109.</p>,Zaplanowane,none,False,EPIK-SIEW,,"[""Nawozy""]",[],"{""Pole / sektor"": ""C1"", ""Godziny pracy"": 2, ""Pogoda OK"": true}"
work_item,Koszenie łąki #110,,,2026-03-01,,,,,,,,,,,,,,,,,GOSP-110,<p>Zadanie gospodarstwa: Koszenie łąki. Sektor Łąka N. Numer wewnętrzny GR-2026-0110.</p>,W toku,urgent,False,EPIK-NAWOZ,Awaria,"[""Pola""]",[],"{""Pole / sektor"": ""Łąka N"", ""Godziny pracy"": 3, ""Pogoda OK"": false, ""Wpływ na produkcję"": ""Wysoki""}"
work_item,Przegląd ciągnika #111,,,,,,,,,,,,,,,,,,,,GOSP-111,<p>Zadanie gospodarstwa: Przegląd ciągnika. Sektor Obora. Numer wewnętrzny GR-2026-0111.</p>,Oczekuje,high,False,EPIK-ZBIORY,,"[""Maszyny""]","[""maszyny@example.com""]","{""Pole / sektor"": ""Obora"", ""Godziny pracy"": 4, ""Pogoda OK"": true}"
work_item,Wymiana oleju w kombajnie #112,,,2026-03-01,2026-09-30,,,,,,,,,,,,,,,,GOSP-112,<p>Zadanie gospodarstwa: Wymiana oleju w kombajnie. Sektor A1. Numer wewnętrzny GR-2026-0112.</p>,Zakończone,medium,False,EPIK-OBORA,,"[""Maszyny"", ""Pilne""]",[],"{""Pole / sektor"": ""A1"", ""Godziny pracy"": 5, ""Pogoda OK"": false}"
work_item,Awaria prasy belującej #113,,,,,,,,,,,,,,,,,,,,GOSP-113,<p>Zadanie gospodarstwa: Awaria prasy belującej. Sektor A2. Numer wewnętrzny GR-2026-0113.</p>,Anulowane,low,False,EPIK-MASZYNY,,"[""Maszyny""]",[],"{""Pole / sektor"": ""A2"", ""Godziny pracy"": 6, ""Pogoda OK"": true}"
work_item,Dojenie — kontrola aparatury #114,,,2026-03-01,,,,,,,,,,,,,,,,,GOSP-114,<p>Zadanie gospodarstwa: Dojenie — kontrola aparatury. Sektor B1. Numer wewnętrzny GR-2026-0114.</p>,Do zrobienia,none,False,EPIK-PASZE,,"[""Obora""]","[""nieistniejacy.rolnik@example.com""]","{""Pole / sektor"": ""B1"", ""Godziny pracy"": 7, ""Pogoda OK"": false}"
work_item,Szczepienie stada #115,,,,,,,,,,,,,,,,,,,,GOSP-115,<p>Zadanie gospodarstwa: Szczepienie stada. Sektor B2. Numer wewnętrzny GR-2026-0115.</p>,Zaplanowane,urgent,False,EPIK-SIEW,,"[""Obora""]",[],"{""Pole / sektor"": ""B2"", ""Godziny pracy"": 8, ""Pogoda OK"": true}"
work_item,Załadunek kiszonki #116,,,2026-03-01,2026-09-30,,,,,,,,,,,,,,,,GOSP-116,<p>Zadanie gospodarstwa: Załadunek kiszonki. Sektor C1. Numer wewnętrzny GR-2026-0116.</p>,W toku,high,False,EPIK-NAWOZ,,"[""Pasze""]",[],"{""Pole / sektor"": ""C1"", ""Godziny pracy"": 9, ""Pogoda OK"": false}"
work_item,Inwentaryzacja magazynu pasz #117,,,,,,,,,,,,,,,,,,,,GOSP-117,<p>Zadanie gospodarstwa: Inwentaryzacja magazynu pasz. Sektor Łąka N. Numer wewnętrzny GR-2026-0117.</p>,Oczekuje,medium,False,EPIK-ZBIORY,,"[""Pasze""]","[""obora@example.com"", ""nieistniejacy.rolnik@example.com""]","{""Pole / sektor"": ""Łąka N"", ""Godziny pracy"": 10, ""Pogoda OK"": true}"
work_item,Kalibracja siewnika #118,,,2026-03-01,,,,,,,,,,,,,,,,,GOSP-118,<p>Zadanie gospodarstwa: Kalibracja siewnika. Sektor Obora. Numer wewnętrzny GR-2026-0118.</p>,Zakończone,low,False,EPIK-OBORA,,"[""Maszyny""]",[],"{""Pole / sektor"": ""Obora"", ""Godziny pracy"": 11, ""Pogoda OK"": false}"
work_item,Odchwaszczanie międzyrzędzi #119,,,,,,,,,,,,,,,,,,,,GOSP-119,<p>Zadanie gospodarstwa: Odchwaszczanie międzyrzędzi. Sektor A1. Numer wewnętrzny GR-2026-0119.</p>,Anulowane,none,False,EPIK-MASZYNY,,"[""Pola"", ""Pilne""]",[],"{""Pole / sektor"": ""A1"", ""Godziny pracy"": 12, ""Pogoda OK"": true}"
work_item,Transport obornika #120,,,2026-03-01,2026-09-30,,,,,,,,,,,,,,,,GOSP-120,<p>Zadanie gospodarstwa: Transport obornika. Sektor A2. Numer wewnętrzny GR-2026-0120.</p>,Do zrobienia,urgent,False,EPIK-PASZE,,"[""Nawozy""]","[""agronom@example.com""]","{""Pole / sektor"": ""A2"", ""Godziny pracy"": 1, ""Pogoda OK"": false}"
work_item,Orka pola #121,,,,,,,,,,,,,,,,,,,,GOSP-121,<p>Zadanie gospodarstwa: Orka pola. Sektor B1. Numer wewnętrzny GR-2026-0121.</p>,Zaplanowane,high,False,EPIK-SIEW,Awaria,"[""Pola""]",[],"{""Pole / sektor"": ""B1"", ""Godziny pracy"": 2, ""Pogoda OK"": true, ""Wpływ na produkcję"": ""Średni""}"
work_item,Siew pszenicy #122,,,2026-03-01,,,,,,,,,,,,,,,,,GOSP-122,<p>Zadanie gospodarstwa: Siew pszenicy. Sektor B2. Numer wewnętrzny GR-2026-0122.</p>,W toku,medium,False,EPIK-NAWOZ,,"[""Pola""]",[],"{""Pole / sektor"": ""B2"", ""Godziny pracy"": 3, ""Pogoda OK"": false}"
work_item,Oprysk fungicydem #123,,,,,,,,,,,,,,,,,,,,GOSP-123,<p>Zadanie gospodarstwa: Oprysk fungicydem. Sektor C1. Numer wewnętrzny GR-2026-0123.</p>,Oczekuje,low,False,EPIK-ZBIORY,,"[""Pola""]","[""pola@example.com""]","{""Pole / sektor"": ""C1"", ""Godziny pracy"": 4, ""Pogoda OK"": true}"
work_item,Rozsiew nawozu #124,,,2026-03-01,2026-09-30,,,,,,,,,,,,,,,,GOSP-124,<p>Zadanie gospodarstwa: Rozsiew nawozu. Sektor Łąka N. Numer wewnętrzny GR-2026-0124.</p>,Zakończone,none,False,EPIK-OBORA,,"[""Nawozy""]",[],"{""Pole / sektor"": ""Łąka N"", ""Godziny pracy"": 5, ""Pogoda OK"": false}"
work_item,Koszenie łąki #125,,,,,,,,,,,,,,,,,,,,GOSP-125,<p>Zadanie gospodarstwa: Koszenie łąki. Sektor Obora. Numer wewnętrzny GR-2026-0125.</p>,Anulowane,urgent,False,EPIK-MASZYNY,,"[""Pola""]",[],"{""Pole / sektor"": ""Obora"", ""Godziny pracy"": 6, ""Pogoda OK"": true}"
work_item,Przegląd ciągnika #126,,,2026-03-01,,,,,,,,,,,,,,,,,GOSP-126,<p>Zadanie gospodarstwa: Przegląd ciągnika. Sektor A1. Numer wewnętrzny GR-2026-0126.</p>,Do zrobienia,high,False,EPIK-PASZE,,"[""Maszyny"", ""Pilne""]","[""maszyny@example.com"", ""nieistniejacy.rolnik@example.com""]","{""Pole / sektor"": ""A1"", ""Godziny pracy"": 7, ""Pogoda OK"": false}"
work_item,Wymiana oleju w kombajnie #127,,,,,,,,,,,,,,,,,,,,GOSP-127,<p>Zadanie gospodarstwa: Wymiana oleju w kombajnie. Sektor A2. Numer wewnętrzny GR-2026-0127.</p>,Zaplanowane,medium,False,EPIK-SIEW,,"[""Maszyny""]",[],"{""Pole / sektor"": ""A2"", ""Godziny pracy"": 8, ""Pogoda OK"": true}"
work_item,Awaria prasy belującej #128,,,2026-03-01,2026-09-30,,,,,,,,,,,,,,,,GOSP-128,<p>Zadanie gospodarstwa: Awaria prasy belującej. Sektor B1. Numer wewnętrzny GR-2026-0128.</p>,W toku,low,False,EPIK-NAWOZ,,"[""Maszyny""]",[],"{""Pole / sektor"": ""B1"", ""Godziny pracy"": 9, ""Pogoda OK"": false}"
work_item,Dojenie — kontrola aparatury #129,,,,,,,,,,,,,,,,,,,,GOSP-129,<p>Zadanie gospodarstwa: Dojenie — kontrola aparatury. Sektor B2. Numer wewnętrzny GR-2026-0129.</p>,Oczekuje,none,False,EPIK-ZBIORY,,"[""Obora""]","[""nieistniejacy.rolnik@example.com""]","{""Pole / sektor"": ""B2"", ""Godziny pracy"": 10, ""Pogoda OK"": true}"
work_item,Szczepienie stada #130,,,2026-03-01,,,,,,,,,,,,,,,,,GOSP-130,<p>Zadanie gospodarstwa: Szczepienie stada. Sektor C1. Numer wewnętrzny GR-2026-0130.</p>,Zakończone,urgent,False,EPIK-OBORA,,"[""Obora""]",[],"{""Pole / sektor"": ""C1"", ""Godziny pracy"": 11, ""Pogoda OK"": false}"
work_item,Załadunek kiszonki #131,,,,,,,,,,,,,,,,,,,,GOSP-131,<p>Zadanie gospodarstwa: Załadunek kiszonki. Sektor Łąka N. Numer wewnętrzny GR-2026-0131.</p>,Anulowane,high,False,EPIK-MASZYNY,,"[""Pasze""]",[],"{""Pole / sektor"": ""Łąka N"", ""Godziny pracy"": 12, ""Pogoda OK"": true}"
work_item,Inwentaryzacja magazynu pasz #132,,,2026-03-01,2026-09-30,,,,,,,,,,,,,,,,GOSP-132,<p>Zadanie gospodarstwa: Inwentaryzacja magazynu pasz. Sektor Obora. Numer wewnętrzny GR-2026-0132.</p>,Do zrobienia,medium,False,EPIK-PASZE,Awaria,"[""Pasze""]","[""obora@example.com""]","{""Pole / sektor"": ""Obora"", ""Godziny pracy"": 1, ""Pogoda OK"": false, ""Wpływ na produkcję"": ""Niski""}"
work_item,Kalibracja siewnika #133,,,,,,,,,,,,,,,,,,,,GOSP-133,<p>Zadanie gospodarstwa: Kalibracja siewnika. Sektor A1. Numer wewnętrzny GR-2026-0133.</p>,Zaplanowane,low,False,EPIK-SIEW,,"[""Maszyny"", ""Pilne""]",[],"{""Pole / sektor"": ""A1"", ""Godziny pracy"": 2, ""Pogoda OK"": true}"
work_item,Odchwaszczanie międzyrzędzi #134,,,2026-03-01,,,,,,,,,,,,,,,,,GOSP-134,<p>Zadanie gospodarstwa: Odchwaszczanie międzyrzędzi. Sektor A2. Numer wewnętrzny GR-2026-0134.</p>,W toku,none,False,EPIK-NAWOZ,,"[""Pola""]",[],"{""Pole / sektor"": ""A2"", ""Godziny pracy"": 3, ""Pogoda OK"": false}"
work_item,Transport obornika #135,,,,,,,,,,,,,,,,,,,,GOSP-135,<p>Zadanie gospodarstwa: Transport obornika. Sektor B1. Numer wewnętrzny GR-2026-0135.</p>,Oczekuje,urgent,False,EPIK-ZBIORY,,"[""Nawozy""]","[""agronom@example.com"", ""nieistniejacy.rolnik@example.com""]","{""Pole / sektor"": ""B1"", ""Godziny pracy"": 4, ""Pogoda OK"": true}"
work_item,Orka pola #136,,,2026-03-01,2026-09-30,,,,,,,,,,,,,,,,GOSP-136,<p>Zadanie gospodarstwa: Orka pola. Sektor B2. Numer wewnętrzny GR-2026-0136.</p>,Zakończone,high,False,EPIK-OBORA,,"[""Pola""]",[],"{""Pole / sektor"": ""B2"", ""Godziny pracy"": 5, ""Pogoda OK"": false}"
work_item,Siew pszenicy #137,,,,,,,,,,,,,,,,,,,,GOSP-137,<p>Zadanie gospodarstwa: Siew pszenicy. Sektor C1. Numer wewnętrzny GR-2026-0137.</p>,Anulowane,medium,False,EPIK-MASZYNY,,"[""Pola""]",[],"{""Pole / sektor"": ""C1"", ""Godziny pracy"": 6, ""Pogoda OK"": true}"
work_item,Oprysk fungicydem #138,,,2026-03-01,,,,,,,,,,,,,,,,,GOSP-138,<p>Zadanie gospodarstwa: Oprysk fungicydem. Sektor Łąka N. Numer wewnętrzny GR-2026-0138.</p>,Do zrobienia,low,False,EPIK-PASZE,,"[""Pola""]","[""pola@example.com""]","{""Pole / sektor"": ""Łąka N"", ""Godziny pracy"": 7, ""Pogoda OK"": false}"
work_item,Rozsiew nawozu #139,,,,,,,,,,,,,,,,,,,,GOSP-139,<p>Zadanie gospodarstwa: Rozsiew nawozu. Sektor Obora. Numer wewnętrzny GR-2026-0139.</p>,Zaplanowane,none,False,EPIK-SIEW,,"[""Nawozy""]",[],"{""Pole / sektor"": ""Obora"", ""Godziny pracy"": 8, ""Pogoda OK"": true}"
work_item,Koszenie łąki #140,,,2026-03-01,2026-09-30,,,,,,,,,,,,,,,,GOSP-140,<p>Zadanie gospodarstwa: Koszenie łąki. Sektor A1. Numer wewnętrzny GR-2026-0140.</p>,W toku,urgent,False,EPIK-NAWOZ,,"[""Pola"", ""Pilne""]",[],"{""Pole / sektor"": ""A1"", ""Godziny pracy"": 9, ""Pogoda OK"": false}"
work_item,Przegląd ciągnika #141,,,,,,,,,,,,,,,,,,,,GOSP-141,<p>Zadanie gospodarstwa: Przegląd ciągnika. Sektor A2. Numer wewnętrzny GR-2026-0141.</p>,Oczekuje,high,False,EPIK-ZBIORY,,"[""Maszyny""]","[""maszyny@example.com""]","{""Pole / sektor"": ""A2"", ""Godziny pracy"": 10, ""Pogoda OK"": true}"
work_item,Wymiana oleju w kombajnie #142,,,2026-03-01,,,,,,,,,,,,,,,,,GOSP-142,<p>Zadanie gospodarstwa: Wymiana oleju w kombajnie. Sektor B1. Numer wewnętrzny GR-2026-0142.</p>,Zakończone,medium,False,EPIK-OBORA,,"[""Maszyny""]",[],"{""Pole / sektor"": ""B1"", ""Godziny pracy"": 11, ""Pogoda OK"": false}"
work_item,Awaria prasy belującej #143,,,,,,,,,,,,,,,,,,,,GOSP-143,<p>Zadanie gospodarstwa: Awaria prasy belującej. Sektor B2. Numer wewnętrzny GR-2026-0143.</p>,Anulowane,low,False,EPIK-MASZYNY,Awaria,"[""Maszyny""]",[],"{""Pole / sektor"": ""B2"", ""Godziny pracy"": 12, ""Pogoda OK"": true, ""Wpływ na produkcję"": ""Wysoki""}"
work_item,Dojenie — kontrola aparatury #144,,,2026-03-01,2026-09-30,,,,,,,,,,,,,,,,GOSP-144,<p>Zadanie gospodarstwa: Dojenie — kontrola aparatury. Sektor C1. Numer wewnętrzny GR-2026-0144.</p>,Do zrobienia,none,False,EPIK-PASZE,,"[""Obora""]","[""nieistniejacy.rolnik@example.com"", ""nieistniejacy.rolnik@example.com""]","{""Pole / sektor"": ""C1"", ""Godziny pracy"": 1, ""Pogoda OK"": false}"
work_item,Szczepienie stada #145,,,,,,,,,,,,,,,,,,,,GOSP-145,<p>Zadanie gospodarstwa: Szczepienie stada. Sektor Łąka N. Numer wewnętrzny GR-2026-0145.</p>,Zaplanowane,urgent,False,EPIK-SIEW,,"[""Obora""]",[],"{""Pole / sektor"": ""Łąka N"", ""Godziny pracy"": 2, ""Pogoda OK"": true}"
work_item,Załadunek kiszonki #146,,,2026-03-01,,,,,,,,,,,,,,,,,GOSP-146,<p>Zadanie gospodarstwa: Załadunek kiszonki. Sektor Obora. Numer wewnętrzny GR-2026-0146.</p>,W toku,high,False,EPIK-NAWOZ,,"[""Pasze""]",[],"{""Pole / sektor"": ""Obora"", ""Godziny pracy"": 3, ""Pogoda OK"": false}"
work_item,Inwentaryzacja magazynu pasz #147,,,,,,,,,,,,,,,,,,,,GOSP-147,<p>Zadanie gospodarstwa: Inwentaryzacja magazynu pasz. Sektor A1. Numer wewnętrzny GR-2026-0147.</p>,Oczekuje,medium,False,EPIK-ZBIORY,,"[""Pasze"", ""Pilne""]","[""obora@example.com""]","{""Pole / sektor"": ""A1"", ""Godziny pracy"": 4, ""Pogoda OK"": true}"
work_item,Kalibracja siewnika #148,,,2026-03-01,2026-09-30,,,,,,,,,,,,,,,,GOSP-148,<p>Zadanie gospodarstwa: Kalibracja siewnika. Sektor A2. Numer wewnętrzny GR-2026-0148.</p>,Zakończone,low,False,EPIK-OBORA,,"[""Maszyny""]",[],"{""Pole / sektor"": ""A2"", ""Godziny pracy"": 5, ""Pogoda OK"": false}"
work_item,Odchwaszczanie międzyrzędzi #149,,,,,,,,,,,,,,,,,,,,GOSP-149,<p>Zadanie gospodarstwa: Odchwaszczanie międzyrzędzi. Sektor B1. Numer wewnętrzny GR-2026-0149.</p>,Anulowane,none,False,EPIK-MASZYNY,,"[""Pola""]",[],"{""Pole / sektor"": ""B1"", ""Godziny pracy"": 6, ""Pogoda OK"": true}"
work_item,Transport obornika #150,,,2026-03-01,,,,,,,,,,,,,,,,,GOSP-150,<p>Zadanie gospodarstwa: Transport obornika. Sektor B2. Numer wewnętrzny GR-2026-0150.</p>,Do zrobienia,urgent,False,EPIK-PASZE,,"[""Nawozy""]","[""agronom@example.com""]","{""Pole / sektor"": ""B2"", ""Godziny pracy"": 7, ""Pogoda OK"": false}"
work_item,Orka pola #151,,,,,,,,,,,,,,,,,,,,GOSP-151,<p>Zadanie gospodarstwa: Orka pola. Sektor C1. Numer wewnętrzny GR-2026-0151.</p>,Zaplanowane,high,False,EPIK-SIEW,,"[""Pola""]",[],"{""Pole / sektor"": ""C1"", ""Godziny pracy"": 8, ""Pogoda OK"": true}"
work_item,Siew pszenicy #152,,,2026-03-01,2026-09-30,,,,,,,,,,,,,,,,GOSP-152,<p>Zadanie gospodarstwa: Siew pszenicy. Sektor Łąka N. Numer wewnętrzny GR-2026-0152.</p>,W toku,medium,False,EPIK-NAWOZ,,"[""Pola""]",[],"{""Pole / sektor"": ""Łąka N"", ""Godziny pracy"": 9, ""Pogoda OK"": false}"
work_item,Oprysk fungicydem #153,,,,,,,,,,,,,,,,,,,,GOSP-153,<p>Zadanie gospodarstwa: Oprysk fungicydem. Sektor Obora. Numer wewnętrzny GR-2026-0153.</p>,Oczekuje,low,False,EPIK-ZBIORY,,"[""Pola""]","[""pola@example.com"", ""nieistniejacy.rolnik@example.com""]","{""Pole / sektor"": ""Obora"", ""Godziny pracy"": 10, ""Pogoda OK"": true}"
work_item,Rozsiew nawozu #154,,,2026-03-01,,,,,,,,,,,,,,,,,GOSP-154,<p>Zadanie gospodarstwa: Rozsiew nawozu. Sektor A1. Numer wewnętrzny GR-2026-0154.</p>,Zakończone,none,False,EPIK-OBORA,Awaria,"[""Nawozy"", ""Pilne""]",[],"{""Pole / sektor"": ""A1"", ""Godziny pracy"": 11, ""Pogoda OK"": false, ""Wpływ na produkcję"": ""Średni""}"
work_item,Koszenie łąki #155,,,,,,,,,,,,,,,,,,,,GOSP-155,<p>Zadanie gospodarstwa: Koszenie łąki. Sektor A2. Numer wewnętrzny GR-2026-0155.</p>,Anulowane,urgent,False,EPIK-MASZYNY,,"[""Pola""]",[],"{""Pole / sektor"": ""A2"", ""Godziny pracy"": 12, ""Pogoda OK"": true}"
work_item,Przegląd ciągnika #156,,,2026-03-01,2026-09-30,,,,,,,,,,,,,,,,GOSP-156,<p>Zadanie gospodarstwa: Przegląd ciągnika. Sektor B1. Numer wewnętrzny GR-2026-0156.</p>,Do zrobienia,high,False,EPIK-PASZE,,"[""Maszyny""]","[""maszyny@example.com""]","{""Pole / sektor"": ""B1"", ""Godziny pracy"": 1, ""Pogoda OK"": false}"
work_item,Wymiana oleju w kombajnie #157,,,,,,,,,,,,,,,,,,,,GOSP-157,<p>Zadanie gospodarstwa: Wymiana oleju w kombajnie. Sektor B2. Numer wewnętrzny GR-2026-0157.</p>,Zaplanowane,medium,False,EPIK-SIEW,,"[""Maszyny""]",[],"{""Pole / sektor"": ""B2"", ""Godziny pracy"": 2, ""Pogoda OK"": true}"
work_item,Awaria prasy belującej #158,,,2026-03-01,,,,,,,,,,,,,,,,,GOSP-158,<p>Zadanie gospodarstwa: Awaria prasy belującej. Sektor C1. Numer wewnętrzny GR-2026-0158.</p>,W toku,low,False,EPIK-NAWOZ,,"[""Maszyny""]",[],"{""Pole / sektor"": ""C1"", ""Godziny pracy"": 3, ""Pogoda OK"": false}"
work_item,Dojenie — kontrola aparatury #159,,,,,,,,,,,,,,,,,,,,GOSP-159,<p>Zadanie gospodarstwa: Dojenie — kontrola aparatury. Sektor Łąka N. Numer wewnętrzny GR-2026-0159.</p>,Oczekuje,none,False,EPIK-ZBIORY,,"[""Obora""]","[""nieistniejacy.rolnik@example.com""]","{""Pole / sektor"": ""Łąka N"", ""Godziny pracy"": 4, ""Pogoda OK"": true}"
work_item,Szczepienie stada #160,,,2026-03-01,2026-09-30,,,,,,,,,,,,,,,,GOSP-160,<p>Zadanie gospodarstwa: Szczepienie stada. Sektor Obora. Numer wewnętrzny GR-2026-0160.</p>,Zakończone,urgent,False,EPIK-OBORA,,"[""Obora""]",[],"{""Pole / sektor"": ""Obora"", ""Godziny pracy"": 5, ""Pogoda OK"": false}"
work_item,Załadunek kiszonki #161,,,,,,,,,,,,,,,,,,,,GOSP-161,<p>Zadanie gospodarstwa: Załadunek kiszonki. Sektor A1. Numer wewnętrzny GR-2026-0161.</p>,Anulowane,high,False,EPIK-MASZYNY,,"[""Pasze"", ""Pilne""]",[],"{""Pole / sektor"": ""A1"", ""Godziny pracy"": 6, ""Pogoda OK"": true}"
work_item,Inwentaryzacja magazynu pasz #162,,,2026-03-01,,,,,,,,,,,,,,,,,GOSP-162,<p>Zadanie gospodarstwa: Inwentaryzacja magazynu pasz. Sektor A2. Numer wewnętrzny GR-2026-0162.</p>,Do zrobienia,medium,False,EPIK-PASZE,,"[""Pasze""]","[""obora@example.com"", ""nieistniejacy.rolnik@example.com""]","{""Pole / sektor"": ""A2"", ""Godziny pracy"": 7, ""Pogoda OK"": false}"
work_item,Kalibracja siewnika #163,,,,,,,,,,,,,,,,,,,,GOSP-163,<p>Zadanie gospodarstwa: Kalibracja siewnika. Sektor B1. Numer wewnętrzny GR-2026-0163.</p>,Zaplanowane,low,False,EPIK-SIEW,,"[""Maszyny""]",[],"{""Pole / sektor"": ""B1"", ""Godziny pracy"": 8, ""Pogoda OK"": true}"
work_item,Odchwaszczanie międzyrzędzi #164,,,2026-03-01,2026-09-30,,,,,,,,,,,,,,,,GOSP-164,<p>Zadanie gospodarstwa: Odchwaszczanie międzyrzędzi. Sektor B2. Numer wewnętrzny GR-2026-0164.</p>,W toku,none,False,EPIK-NAWOZ,,"[""Pola""]",[],"{""Pole / sektor"": ""B2"", ""Godziny pracy"": 9, ""Pogoda OK"": false}"
work_item,Transport obornika #165,,,,,,,,,,,,,,,,,,,,GOSP-165,<p>Zadanie gospodarstwa: Transport obornika. Sektor C1. Numer wewnętrzny GR-2026-0165.</p>,Oczekuje,urgent,False,EPIK-ZBIORY,Awaria,"[""Nawozy""]","[""agronom@example.com""]","{""Pole / sektor"": ""C1"", ""Godziny pracy"": 10, ""Pogoda OK"": true, ""Wpływ na produkcję"": ""Niski""}"
work_item,Orka pola #166,,,2026-03-01,,,,,,,,,,,,,,,,,GOSP-166,<p>Zadanie gospodarstwa: Orka pola. Sektor Łąka N. Numer wewnętrzny GR-2026-0166.</p>,Zakończone,high,False,EPIK-OBORA,,"[""Pola""]",[],"{""Pole / sektor"": ""Łąka N"", ""Godziny pracy"": 11, ""Pogoda OK"": false}"
work_item,Siew pszenicy #167,,,,,,,,,,,,,,,,,,,,GOSP-167,<p>Zadanie gospodarstwa: Siew pszenicy. Sektor Obora. Numer wewnętrzny GR-2026-0167.</p>,Anulowane,medium,False,EPIK-MASZYNY,,"[""Pola""]",[],"{""Pole / sektor"": ""Obora"", ""Godziny pracy"": 12, ""Pogoda OK"": true}"
work_item,Oprysk fungicydem #168,,,2026-03-01,2026-09-30,,,,,,,,,,,,,,,,GOSP-168,<p>Zadanie gospodarstwa: Oprysk fungicydem. Sektor A1. Numer wewnętrzny GR-2026-0168.</p>,Do zrobienia,low,False,EPIK-PASZE,,"[""Pola"", ""Pilne""]","[""pola@example.com""]","{""Pole / sektor"": ""A1"", ""Godziny pracy"": 1, ""Pogoda OK"": false}"
work_item,Rozsiew nawozu #169,,,,,,,,,,,,,,,,,,,,GOSP-169,<p>Zadanie gospodarstwa: Rozsiew nawozu. Sektor A2. Numer wewnętrzny GR-2026-0169.</p>,Zaplanowane,none,False,EPIK-SIEW,,"[""Nawozy""]",[],"{""Pole / sektor"": ""A2"", ""Godziny pracy"": 2, ""Pogoda OK"": true}"
work_item,Koszenie łąki #170,,,2026-03-01,,,,,,,,,,,,,,,,,GOSP-170,<p>Zadanie gospodarstwa: Koszenie łąki. Sektor B1. Numer wewnętrzny GR-2026-0170.</p>,W toku,urgent,False,EPIK-NAWOZ,,"[""Pola""]",[],"{""Pole / sektor"": ""B1"", ""Godziny pracy"": 3, ""Pogoda OK"": false}"
work_item,Przegląd ciągnika #171,,,,,,,,,,,,,,,,,,,,GOSP-171,<p>Zadanie gospodarstwa: Przegląd ciągnika. Sektor B2. Numer wewnętrzny GR-2026-0171.</p>,Oczekuje,high,False,EPIK-ZBIORY,,"[""Maszyny""]","[""maszyny@example.com"", ""nieistniejacy.rolnik@example.com""]","{""Pole / sektor"": ""B2"", ""Godziny pracy"": 4, ""Pogoda OK"": true}"
work_item,Wymiana oleju w kombajnie #172,,,2026-03-01,2026-09-30,,,,,,,,,,,,,,,,GOSP-172,<p>Zadanie gospodarstwa: Wymiana oleju w kombajnie. Sektor C1. Numer wewnętrzny GR-2026-0172.</p>,Zakończone,medium,False,EPIK-OBORA,,"[""Maszyny""]",[],"{""Pole / sektor"": ""C1"", ""Godziny pracy"": 5, ""Pogoda OK"": false}"
work_item,Awaria prasy belującej #173,,,,,,,,,,,,,,,,,,,,GOSP-173,<p>Zadanie gospodarstwa: Awaria prasy belującej. Sektor Łąka N. Numer wewnętrzny GR-2026-0173.</p>,Anulowane,low,False,EPIK-MASZYNY,,"[""Maszyny""]",[],"{""Pole / sektor"": ""Łąka N"", ""Godziny pracy"": 6, ""Pogoda OK"": true}"
work_item,Dojenie — kontrola aparatury #174,,,2026-03-01,,,,,,,,,,,,,,,,,GOSP-174,<p>Zadanie gospodarstwa: Dojenie — kontrola aparatury. Sektor Obora. Numer wewnętrzny GR-2026-0174.</p>,Do zrobienia,none,False,EPIK-PASZE,,"[""Obora""]","[""nieistniejacy.rolnik@example.com""]","{""Pole / sektor"": ""Obora"", ""Godziny pracy"": 7, ""Pogoda OK"": false}"
work_item,Szczepienie stada #175,,,,,,,,,,,,,,,,,,,,GOSP-175,<p>Zadanie gospodarstwa: Szczepienie stada. Sektor A1. Numer wewnętrzny GR-2026-0175.</p>,Zaplanowane,urgent,False,EPIK-SIEW,,"[""Obora"", ""Pilne""]",[],"{""Pole / sektor"": ""A1"", ""Godziny pracy"": 8, ""Pogoda OK"": true}"
work_item,Załadunek kiszonki #176,,,2026-03-01,2026-09-30,,,,,,,,,,,,,,,,GOSP-176,<p>Zadanie gospodarstwa: Załadunek kiszonki. Sektor A2. Numer wewnętrzny GR-2026-0176.</p>,W toku,high,False,EPIK-NAWOZ,Awaria,"[""Pasze""]",[],"{""Pole / sektor"": ""A2"", ""Godziny pracy"": 9, ""Pogoda OK"": false, ""Wpływ na produkcję"": ""Wysoki""}"
work_item,Inwentaryzacja magazynu pasz #177,,,,,,,,,,,,,,,,,,,,GOSP-177,<p>Zadanie gospodarstwa: Inwentaryzacja magazynu pasz. Sektor B1. Numer wewnętrzny GR-2026-0177.</p>,Oczekuje,medium,False,EPIK-ZBIORY,,"[""Pasze""]","[""obora@example.com""]","{""Pole / sektor"": ""B1"", ""Godziny pracy"": 10, ""Pogoda OK"": true}"
work_item,Kalibracja siewnika #178,,,2026-03-01,,,,,,,,,,,,,,,,,GOSP-178,<p>Zadanie gospodarstwa: Kalibracja siewnika. Sektor B2. Numer wewnętrzny GR-2026-0178.</p>,Zakończone,low,False,EPIK-OBORA,,"[""Maszyny""]",[],"{""Pole / sektor"": ""B2"", ""Godziny pracy"": 11, ""Pogoda OK"": false}"
work_item,Odchwaszczanie międzyrzędzi #179,,,,,,,,,,,,,,,,,,,,GOSP-179,<p>Zadanie gospodarstwa: Odchwaszczanie międzyrzędzi. Sektor C1. Numer wewnętrzny GR-2026-0179.</p>,Anulowane,none,False,EPIK-MASZYNY,,"[""Pola""]",[],"{""Pole / sektor"": ""C1"", ""Godziny pracy"": 12, ""Pogoda OK"": true}"
work_item,Transport obornika #180,,,2026-03-01,2026-09-30,,,,,,,,,,,,,,,,GOSP-180,<p>Zadanie gospodarstwa: Transport obornika. Sektor Łąka N. Numer wewnętrzny GR-2026-0180.</p>,Do zrobienia,urgent,False,EPIK-PASZE,,"[""Nawozy""]","[""agronom@example.com"", ""nieistniejacy.rolnik@example.com""]","{""Pole / sektor"": ""Łąka N"", ""Godziny pracy"": 1, ""Pogoda OK"": false}"
work_item,Orka pola #181,,,,,,,,,,,,,,,,,,,,GOSP-181,<p>Zadanie gospodarstwa: Orka pola. Sektor Obora. Numer wewnętrzny GR-2026-0181.</p>,Zaplanowane,high,False,EPIK-SIEW,,"[""Pola""]",[],"{""Pole / sektor"": ""Obora"", ""Godziny pracy"": 2, ""Pogoda OK"": true}"
work_item,Siew pszenicy #182,,,2026-03-01,,,,,,,,,,,,,,,,,GOSP-182,<p>Zadanie gospodarstwa: Siew pszenicy. Sektor A1. Numer wewnętrzny GR-2026-0182.</p>,W toku,medium,False,EPIK-NAWOZ,,"[""Pola"", ""Pilne""]",[],"{""Pole / sektor"": ""A1"", ""Godziny pracy"": 3, ""Pogoda OK"": false}"
work_item,Oprysk fungicydem #183,,,,,,,,,,,,,,,,,,,,GOSP-183,<p>Zadanie gospodarstwa: Oprysk fungicydem. Sektor A2. Numer wewnętrzny GR-2026-0183.</p>,Oczekuje,low,False,EPIK-ZBIORY,,"[""Pola""]","[""pola@example.com""]","{""Pole / sektor"": ""A2"", ""Godziny pracy"": 4, ""Pogoda OK"": true}"
work_item,Rozsiew nawozu #184,,,2026-03-01,2026-09-30,,,,,,,,,,,,,,,,GOSP-184,<p>Zadanie gospodarstwa: Rozsiew nawozu. Sektor B1. Numer wewnętrzny GR-2026-0184.</p>,Zakończone,none,False,EPIK-OBORA,,"[""Nawozy""]",[],"{""Pole / sektor"": ""B1"", ""Godziny pracy"": 5, ""Pogoda OK"": false}"
work_item,Koszenie łąki #185,,,,,,,,,,,,,,,,,,,,GOSP-185,<p>Zadanie gospodarstwa: Koszenie łąki. Sektor B2. Numer wewnętrzny GR-2026-0185.</p>,Anulowane,urgent,False,EPIK-MASZYNY,,"[""Pola""]",[],"{""Pole / sektor"": ""B2"", ""Godziny pracy"": 6, ""Pogoda OK"": true}"
work_item,Przegląd ciągnika #186,,,2026-03-01,,,,,,,,,,,,,,,,,GOSP-186,<p>Zadanie gospodarstwa: Przegląd ciągnika. Sektor C1. Numer wewnętrzny GR-2026-0186.</p>,Do zrobienia,high,False,EPIK-PASZE,,"[""Maszyny""]","[""maszyny@example.com""]","{""Pole / sektor"": ""C1"", ""Godziny pracy"": 7, ""Pogoda OK"": false}"
work_item,Wymiana oleju w kombajnie #187,,,,,,,,,,,,,,,,,,,,GOSP-187,<p>Zadanie gospodarstwa: Wymiana oleju w kombajnie. Sektor Łąka N. Numer wewnętrzny GR-2026-0187.</p>,Zaplanowane,medium,False,EPIK-SIEW,Awaria,"[""Maszyny""]",[],"{""Pole / sektor"": ""Łąka N"", ""Godziny pracy"": 8, ""Pogoda OK"": true, ""Wpływ na produkcję"": ""Średni""}"
work_item,Awaria prasy belującej #188,,,2026-03-01,2026-09-30,,,,,,,,,,,,,,,,GOSP-188,<p>Zadanie gospodarstwa: Awaria prasy belującej. Sektor Obora. Numer wewnętrzny GR-2026-0188.</p>,W toku,low,False,EPIK-NAWOZ,,"[""Maszyny""]",[],"{""Pole / sektor"": ""Obora"", ""Godziny pracy"": 9, ""Pogoda OK"": false}"
work_item,Dojenie — kontrola aparatury #189,,,,,,,,,,,,,,,,,,,,GOSP-189,<p>Zadanie gospodarstwa: Dojenie — kontrola aparatury. Sektor A1. Numer wewnętrzny GR-2026-0189.</p>,Oczekuje,none,False,EPIK-ZBIORY,,"[""Obora"", ""Pilne""]","[""nieistniejacy.rolnik@example.com"", ""nieistniejacy.rolnik@example.com""]","{""Pole / sektor"": ""A1"", ""Godziny pracy"": 10, ""Pogoda OK"": true}"
work_item,Szczepienie stada #190,,,2026-03-01,,,,,,,,,,,,,,,,,GOSP-190,<p>Zadanie gospodarstwa: Szczepienie stada. Sektor A2. Numer wewnętrzny GR-2026-0190.</p>,Zakończone,urgent,False,EPIK-OBORA,,"[""Obora""]",[],"{""Pole / sektor"": ""A2"", ""Godziny pracy"": 11, ""Pogoda OK"": false}"
work_item,Załadunek kiszonki #191,,,,,,,,,,,,,,,,,,,,GOSP-191,<p>Zadanie gospodarstwa: Załadunek kiszonki. Sektor B1. Numer wewnętrzny GR-2026-0191.</p>,Anulowane,high,False,EPIK-MASZYNY,,"[""Pasze""]",[],"{""Pole / sektor"": ""B1"", ""Godziny pracy"": 12, ""Pogoda OK"": true}"
work_item,Inwentaryzacja magazynu pasz #192,,,2026-03-01,2026-09-30,,,,,,,,,,,,,,,,GOSP-192,<p>Zadanie gospodarstwa: Inwentaryzacja magazynu pasz. Sektor B2. Numer wewnętrzny GR-2026-0192.</p>,Do zrobienia,medium,False,EPIK-PASZE,,"[""Pasze""]","[""obora@example.com""]","{""Pole / sektor"": ""B2"", ""Godziny pracy"": 1, ""Pogoda OK"": false}"
work_item,Kalibracja siewnika #193,,,,,,,,,,,,,,,,,,,,GOSP-193,<p>Zadanie gospodarstwa: Kalibracja siewnika. Sektor C1. Numer wewnętrzny GR-2026-0193.</p>,Zaplanowane,low,False,EPIK-SIEW,,"[""Maszyny""]",[],"{""Pole / sektor"": ""C1"", ""Godziny pracy"": 2, ""Pogoda OK"": true}"
work_item,Odchwaszczanie międzyrzędzi #194,,,2026-03-01,,,,,,,,,,,,,,,,,GOSP-194,<p>Zadanie gospodarstwa: Odchwaszczanie międzyrzędzi. Sektor Łąka N. Numer wewnętrzny GR-2026-0194.</p>,W toku,none,False,EPIK-NAWOZ,,"[""Pola""]",[],"{""Pole / sektor"": ""Łąka N"", ""Godziny pracy"": 3, ""Pogoda OK"": false}"
work_item,Transport obornika #195,,,,,,,,,,,,,,,,,,,,GOSP-195,<p>Zadanie gospodarstwa: Transport obornika. Sektor Obora. Numer wewnętrzny GR-2026-0195.</p>,Oczekuje,urgent,False,EPIK-ZBIORY,,"[""Nawozy""]","[""agronom@example.com""]","{""Pole / sektor"": ""Obora"", ""Godziny pracy"": 4, ""Pogoda OK"": true}"
work_item,Orka pola #196,,,2026-03-01,2026-09-30,,,,,,,,,,,,,,,,GOSP-196,<p>Zadanie gospodarstwa: Orka pola. Sektor A1. Numer wewnętrzny GR-2026-0196.</p>,Zakończone,high,False,EPIK-OBORA,,"[""Pola"", ""Pilne""]",[],"{""Pole / sektor"": ""A1"", ""Godziny pracy"": 5, ""Pogoda OK"": false}"
work_item,Siew pszenicy #197,,,,,,,,,,,,,,,,,,,,GOSP-197,<p>Zadanie gospodarstwa: Siew pszenicy. Sektor A2. Numer wewnętrzny GR-2026-0197.</p>,Anulowane,medium,False,EPIK-MASZYNY,,"[""Pola""]",[],"{""Pole / sektor"": ""A2"", ""Godziny pracy"": 6, ""Pogoda OK"": true}"
work_item,Oprysk fungicydem #198,,,2026-03-01,,,,,,,,,,,,,,,,,GOSP-198,<p>Zadanie gospodarstwa: Oprysk fungicydem. Sektor B1. Numer wewnętrzny GR-2026-0198.</p>,Do zrobienia,low,False,EPIK-PASZE,Awaria,"[""Pola""]","[""pola@example.com"", ""nieistniejacy.rolnik@example.com""]","{""Pole / sektor"": ""B1"", ""Godziny pracy"": 7, ""Pogoda OK"": false, ""Wpływ na produkcję"": ""Niski""}"
work_item,Rozsiew nawozu #199,,,,,,,,,,,,,,,,,,,,GOSP-199,<p>Zadanie gospodarstwa: Rozsiew nawozu. Sektor B2. Numer wewnętrzny GR-2026-0199.</p>,Zaplanowane,none,False,EPIK-SIEW,,"[""Nawozy""]",[],"{""Pole / sektor"": ""B2"", ""Godziny pracy"": 8, ""Pogoda OK"": true}"
work_item,Koszenie łąki #200,,,2026-03-01,2026-09-30,,,,,,,,,,,,,,,,GOSP-200,<p>Zadanie gospodarstwa: Koszenie łąki. Sektor C1. Numer wewnętrzny GR-2026-0200.</p>,W toku,urgent,False,EPIK-NAWOZ,,"[""Pola""]",[],"{""Pole / sektor"": ""C1"", ""Godziny pracy"": 9, ""Pogoda OK"": false}"
work_item,Przegląd ciągnika #201,,,,,,,,,,,,,,,,,,,,GOSP-201,<p>Zadanie gospodarstwa: Przegląd ciągnika. Sektor Łąka N. Numer wewnętrzny GR-2026-0201.</p>,Oczekuje,high,False,EPIK-ZBIORY,,"[""Maszyny""]","[""maszyny@example.com""]","{""Pole / sektor"": ""Łąka N"", ""Godziny pracy"": 10, ""Pogoda OK"": true}"
work_item,Wymiana oleju w kombajnie #202,,,2026-03-01,,,,,,,,,,,,,,,,,GOSP-202,<p>Zadanie gospodarstwa: Wymiana oleju w kombajnie. Sektor Obora. Numer wewnętrzny GR-2026-0202.</p>,Zakończone,medium,False,EPIK-OBORA,,"[""Maszyny""]",[],"{""Pole / sektor"": ""Obora"", ""Godziny pracy"": 11, ""Pogoda OK"": false}"
work_item,Awaria prasy belującej #203,,,,,,,,,,,,,,,,,,,,GOSP-203,<p>Zadanie gospodarstwa: Awaria prasy belującej. Sektor A1. Numer wewnętrzny GR-2026-0203.</p>,Anulowane,low,False,EPIK-MASZYNY,,"[""Maszyny"", ""Pilne""]",[],"{""Pole / sektor"": ""A1"", ""Godziny pracy"": 12, ""Pogoda OK"": true}"
work_item,Dojenie — kontrola aparatury #204,,,2026-03-01,2026-09-30,,,,,,,,,,,,,,,,GOSP-204,<p>Zadanie gospodarstwa: Dojenie — kontrola aparatury. Sektor A2. Numer wewnętrzny GR-2026-0204.</p>,Do zrobienia,none,False,EPIK-PASZE,,"[""Obora""]","[""nieistniejacy.rolnik@example.com""]","{""Pole / sektor"": ""A2"", ""Godziny pracy"": 1, ""Pogoda OK"": false}"
work_item,Szczepienie stada #205,,,,,,,,,,,,,,,,,,,,GOSP-205,<p>Zadanie gospodarstwa: Szczepienie stada. Sektor B1. Numer wewnętrzny GR-2026-0205.</p>,Zaplanowane,urgent,False,EPIK-SIEW,,"[""Obora""]",[],"{""Pole / sektor"": ""B1"", ""Godziny pracy"": 2, ""Pogoda OK"": true}"
work_item,Załadunek kiszonki #206,,,2026-03-01,,,,,,,,,,,,,,,,,GOSP-206,<p>Zadanie gospodarstwa: Załadunek kiszonki. Sektor B2. Numer wewnętrzny GR-2026-0206.</p>,W toku,high,False,EPIK-NAWOZ,,"[""Pasze""]",[],"{""Pole / sektor"": ""B2"", ""Godziny pracy"": 3, ""Pogoda OK"": false}"
work_item,Inwentaryzacja magazynu pasz #207,,,,,,,,,,,,,,,,,,,,GOSP-207,<p>Zadanie gospodarstwa: Inwentaryzacja magazynu pasz. Sektor C1. Numer wewnętrzny GR-2026-0207.</p>,Oczekuje,medium,False,EPIK-ZBIORY,,"[""Pasze""]","[""obora@example.com"", ""nieistniejacy.rolnik@example.com""]","{""Pole / sektor"": ""C1"", ""Godziny pracy"": 4, ""Pogoda OK"": true}"
work_item,Kalibracja siewnika #208,,,2026-03-01,2026-09-30,,,,,,,,,,,,,,,,GOSP-208,<p>Zadanie gospodarstwa: Kalibracja siewnika. Sektor Łąka N. Numer wewnętrzny GR-2026-0208.</p>,Zakończone,low,False,EPIK-OBORA,,"[""Maszyny""]",[],"{""Pole / sektor"": ""Łąka N"", ""Godziny pracy"": 5, ""Pogoda OK"": false}"
work_item,Odchwaszczanie międzyrzędzi #209,,,,,,,,,,,,,,,,,,,,GOSP-209,<p>Zadanie gospodarstwa: Odchwaszczanie międzyrzędzi. Sektor Obora. Numer wewnętrzny GR-2026-0209.</p>,Anulowane,none,False,EPIK-MASZYNY,Awaria,"[""Pola""]",[],"{""Pole / sektor"": ""Obora"", ""Godziny pracy"": 6, ""Pogoda OK"": true, ""Wpływ na produkcję"": ""Wysoki""}"
work_item,Transport obornika #210,,,2026-03-01,,,,,,,,,,,,,,,,,GOSP-210,<p>Zadanie gospodarstwa: Transport obornika. Sektor A1. Numer wewnętrzny GR-2026-0210.</p>,Do zrobienia,urgent,False,EPIK-PASZE,,"[""Nawozy"", ""Pilne""]","[""agronom@example.com""]","{""Pole / sektor"": ""A1"", ""Godziny pracy"": 7, ""Pogoda OK"": false}"
work_item,Orka pola #211,,,,,,,,,,,,,,,,,,,,GOSP-211,<p>Zadanie gospodarstwa: Orka pola. Sektor A2. Numer wewnętrzny GR-2026-0211.</p>,Zaplanowane,high,False,EPIK-SIEW,,"[""Pola""]",[],"{""Pole / sektor"": ""A2"", ""Godziny pracy"": 8, ""Pogoda OK"": true}"
work_item,Siew pszenicy #212,,,2026-03-01,2026-09-30,,,,,,,,,,,,,,,,GOSP-212,<p>Zadanie gospodarstwa: Siew pszenicy. Sektor B1. Numer wewnętrzny GR-2026-0212.</p>,W toku,medium,False,EPIK-NAWOZ,,"[""Pola""]",[],"{""Pole / sektor"": ""B1"", ""Godziny pracy"": 9, ""Pogoda OK"": false}"
work_item,Oprysk fungicydem #213,,,,,,,,,,,,,,,,,,,,GOSP-213,<p>Zadanie gospodarstwa: Oprysk fungicydem. Sektor B2. Numer wewnętrzny GR-2026-0213.</p>,Oczekuje,low,False,EPIK-ZBIORY,,"[""Pola""]","[""pola@example.com""]","{""Pole / sektor"": ""B2"", ""Godziny pracy"": 10, ""Pogoda OK"": true}"
work_item,Rozsiew nawozu #214,,,2026-03-01,,,,,,,,,,,,,,,,,GOSP-214,<p>Zadanie gospodarstwa: Rozsiew nawozu. Sektor C1. Numer wewnętrzny GR-2026-0214.</p>,Zakończone,none,False,EPIK-OBORA,,"[""Nawozy""]",[],"{""Pole / sektor"": ""C1"", ""Godziny pracy"": 11, ""Pogoda OK"": false}"
work_item,Koszenie łąki #215,,,,,,,,,,,,,,,,,,,,GOSP-215,<p>Zadanie gospodarstwa: Koszenie łąki. Sektor Łąka N. Numer wewnętrzny GR-2026-0215.</p>,Anulowane,urgent,False,EPIK-MASZYNY,,"[""Pola""]",[],"{""Pole / sektor"": ""Łąka N"", ""Godziny pracy"": 12, ""Pogoda OK"": true}"
work_item,Przegląd ciągnika #216,,,2026-03-01,2026-09-30,,,,,,,,,,,,,,,,GOSP-216,<p>Zadanie gospodarstwa: Przegląd ciągnika. Sektor Obora. Numer wewnętrzny GR-2026-0216.</p>,Do zrobienia,high,False,EPIK-PASZE,,"[""Maszyny""]","[""maszyny@example.com"", ""nieistniejacy.rolnik@example.com""]","{""Pole / sektor"": ""Obora"", ""Godziny pracy"": 1, ""Pogoda OK"": false}"
work_item,Wymiana oleju w kombajnie #217,,,,,,,,,,,,,,,,,,,,GOSP-217,<p>Zadanie gospodarstwa: Wymiana oleju w kombajnie. Sektor A1. Numer wewnętrzny GR-2026-0217.</p>,Zaplanowane,medium,False,EPIK-SIEW,,"[""Maszyny"", ""Pilne""]",[],"{""Pole / sektor"": ""A1"", ""Godziny pracy"": 2, ""Pogoda OK"": true}"
work_item,Awaria prasy belującej #218,,,2026-03-01,,,,,,,,,,,,,,,,,GOSP-218,<p>Zadanie gospodarstwa: Awaria prasy belującej. Sektor A2. Numer wewnętrzny GR-2026-0218.</p>,W toku,low,False,EPIK-NAWOZ,,"[""Maszyny""]",[],"{""Pole / sektor"": ""A2"", ""Godziny pracy"": 3, ""Pogoda OK"": false}"
work_item,Dojenie — kontrola aparatury #219,,,,,,,,,,,,,,,,,,,,GOSP-219,<p>Zadanie gospodarstwa: Dojenie — kontrola aparatury. Sektor B1. Numer wewnętrzny GR-2026-0219.</p>,Oczekuje,none,False,EPIK-ZBIORY,,"[""Obora""]","[""nieistniejacy.rolnik@example.com""]","{""Pole / sektor"": ""B1"", ""Godziny pracy"": 4, ""Pogoda OK"": true}"
work_item,Szczepienie stada #220,,,2026-03-01,2026-09-30,,,,,,,,,,,,,,,,GOSP-220,<p>Zadanie gospodarstwa: Szczepienie stada. Sektor B2. Numer wewnętrzny GR-2026-0220.</p>,Zakończone,urgent,False,EPIK-OBORA,Awaria,"[""Obora""]",[],"{""Pole / sektor"": ""B2"", ""Godziny pracy"": 5, ""Pogoda OK"": false, ""Wpływ na produkcję"": ""Średni""}"
work_item,Załadunek kiszonki #221,,,,,,,,,,,,,,,,,,,,GOSP-221,<p>Zadanie gospodarstwa: Załadunek kiszonki. Sektor C1. Numer wewnętrzny GR-2026-0221.</p>,Anulowane,high,False,EPIK-MASZYNY,,"[""Pasze""]",[],"{""Pole / sektor"": ""C1"", ""Godziny pracy"": 6, ""Pogoda OK"": true}"
work_item,Inwentaryzacja magazynu pasz #222,,,2026-03-01,,,,,,,,,,,,,,,,,GOSP-222,<p>Zadanie gospodarstwa: Inwentaryzacja magazynu pasz. Sektor Łąka N. Numer wewnętrzny GR-2026-0222.</p>,Do zrobienia,medium,False,EPIK-PASZE,,"[""Pasze""]","[""obora@example.com""]","{""Pole / sektor"": ""Łąka N"", ""Godziny pracy"": 7, ""Pogoda OK"": false}"
work_item,Kalibracja siewnika #223,,,,,,,,,,,,,,,,,,,,GOSP-223,<p>Zadanie gospodarstwa: Kalibracja siewnika. Sektor Obora. Numer wewnętrzny GR-2026-0223.</p>,Zaplanowane,low,False,EPIK-SIEW,,"[""Maszyny""]",[],"{""Pole / sektor"": ""Obora"", ""Godziny pracy"": 8, ""Pogoda OK"": true}"
work_item,Odchwaszczanie międzyrzędzi #224,,,2026-03-01,2026-09-30,,,,,,,,,,,,,,,,GOSP-224,<p>Zadanie gospodarstwa: Odchwaszczanie międzyrzędzi. Sektor A1. Numer wewnętrzny GR-2026-0224.</p>,W toku,none,False,EPIK-NAWOZ,,"[""Pola"", ""Pilne""]",[],"{""Pole / sektor"": ""A1"", ""Godziny pracy"": 9, ""Pogoda OK"": false}"
work_item,Transport obornika #225,,,,,,,,,,,,,,,,,,,,GOSP-225,<p>Zadanie gospodarstwa: Transport obornika. Sektor A2. Numer wewnętrzny GR-2026-0225.</p>,Oczekuje,urgent,False,EPIK-ZBIORY,,"[""Nawozy""]","[""agronom@example.com"", ""nieistniejacy.rolnik@example.com""]","{""Pole / sektor"": ""A2"", ""Godziny pracy"": 10, ""Pogoda OK"": true}"
work_item,Orka pola #226,,,2026-03-01,,,,,,,,,,,,,,,,,GOSP-226,<p>Zadanie gospodarstwa: Orka pola. Sektor B1. Numer wewnętrzny GR-2026-0226.</p>,Zakończone,high,False,EPIK-OBORA,,"[""Pola""]",[],"{""Pole / sektor"": ""B1"", ""Godziny pracy"": 11, ""Pogoda OK"": false}"
work_item,Siew pszenicy #227,,,,,,,,,,,,,,,,,,,,GOSP-227,<p>Zadanie gospodarstwa: Siew pszenicy. Sektor B2. Numer wewnętrzny GR-2026-0227.</p>,Anulowane,medium,False,EPIK-MASZYNY,,"[""Pola""]",[],"{""Pole / sektor"": ""B2"", ""Godziny pracy"": 12, ""Pogoda OK"": true}"
work_item,Oprysk fungicydem #228,,,2026-03-01,2026-09-30,,,,,,,,,,,,,,,,GOSP-228,<p>Zadanie gospodarstwa: Oprysk fungicydem. Sektor C1. Numer wewnętrzny GR-2026-0228.</p>,Do zrobienia,low,False,EPIK-PASZE,,"[""Pola""]","[""pola@example.com""]","{""Pole / sektor"": ""C1"", ""Godziny pracy"": 1, ""Pogoda OK"": false}"
work_item,Rozsiew nawozu #229,,,,,,,,,,,,,,,,,,,,GOSP-229,<p>Zadanie gospodarstwa: Rozsiew nawozu. Sektor Łąka N. Numer wewnętrzny GR-2026-0229.</p>,Zaplanowane,none,False,EPIK-SIEW,,"[""Nawozy""]",[],"{""Pole / sektor"": ""Łąka N"", ""Godziny pracy"": 2, ""Pogoda OK"": true}"
work_item,Koszenie łąki #230,,,2026-03-01,,,,,,,,,,,,,,,,,GOSP-230,<p>Zadanie gospodarstwa: Koszenie łąki. Sektor Obora. Numer wewnętrzny GR-2026-0230.</p>,W toku,urgent,False,EPIK-NAWOZ,,"[""Pola""]",[],"{""Pole / sektor"": ""Obora"", ""Godziny pracy"": 3, ""Pogoda OK"": false}"
work_item,Przegląd ciągnika #231,,,,,,,,,,,,,,,,,,,,GOSP-231,<p>Zadanie gospodarstwa: Przegląd ciągnika. Sektor A1. Numer wewnętrzny GR-2026-0231.</p>,Oczekuje,high,False,EPIK-ZBIORY,Awaria,"[""Maszyny"", ""Pilne""]","[""maszyny@example.com""]","{""Pole / sektor"": ""A1"", ""Godziny pracy"": 4, ""Pogoda OK"": true, ""Wpływ na produkcję"": ""Niski""}"
work_item,Wymiana oleju w kombajnie #232,,,2026-03-01,2026-09-30,,,,,,,,,,,,,,,,GOSP-232,<p>Zadanie gospodarstwa: Wymiana oleju w kombajnie. Sektor A2. Numer wewnętrzny GR-2026-0232.</p>,Zakończone,medium,False,EPIK-OBORA,,"[""Maszyny""]",[],"{""Pole / sektor"": ""A2"", ""Godziny pracy"": 5, ""Pogoda OK"": false}"
work_item,Awaria prasy belującej #233,,,,,,,,,,,,,,,,,,,,GOSP-233,<p>Zadanie gospodarstwa: Awaria prasy belującej. Sektor B1. Numer wewnętrzny GR-2026-0233.</p>,Anulowane,low,False,EPIK-MASZYNY,,"[""Maszyny""]",[],"{""Pole / sektor"": ""B1"", ""Godziny pracy"": 6, ""Pogoda OK"": true}"
work_item,Dojenie — kontrola aparatury #234,,,2026-03-01,,,,,,,,,,,,,,,,,GOSP-234,<p>Zadanie gospodarstwa: Dojenie — kontrola aparatury. Sektor B2. Numer wewnętrzny GR-2026-0234.</p>,Do zrobienia,none,False,EPIK-PASZE,,"[""Obora""]","[""nieistniejacy.rolnik@example.com"", ""nieistniejacy.rolnik@example.com""]","{""Pole / sektor"": ""B2"", ""Godziny pracy"": 7, ""Pogoda OK"": false}"
work_item,Szczepienie stada #235,,,,,,,,,,,,,,,,,,,,GOSP-235,<p>Zadanie gospodarstwa: Szczepienie stada. Sektor C1. Numer wewnętrzny GR-2026-0235.</p>,Zaplanowane,urgent,False,EPIK-SIEW,,"[""Obora""]",[],"{""Pole / sektor"": ""C1"", ""Godziny pracy"": 8, ""Pogoda OK"": true}"
work_item,Załadunek kiszonki #236,,,2026-03-01,2026-09-30,,,,,,,,,,,,,,,,GOSP-236,<p>Zadanie gospodarstwa: Załadunek kiszonki. Sektor Łąka N. Numer wewnętrzny GR-2026-0236.</p>,W toku,high,False,EPIK-NAWOZ,,"[""Pasze""]",[],"{""Pole / sektor"": ""Łąka N"", ""Godziny pracy"": 9, ""Pogoda OK"": false}"
work_item,Inwentaryzacja magazynu pasz #237,,,,,,,,,,,,,,,,,,,,GOSP-237,<p>Zadanie gospodarstwa: Inwentaryzacja magazynu pasz. Sektor Obora. Numer wewnętrzny GR-2026-0237.</p>,Oczekuje,medium,False,EPIK-ZBIORY,,"[""Pasze""]","[""obora@example.com""]","{""Pole / sektor"": ""Obora"", ""Godziny pracy"": 10, ""Pogoda OK"": true}"
work_item,Kalibracja siewnika #238,,,2026-03-01,,,,,,,,,,,,,,,,,GOSP-238,<p>Zadanie gospodarstwa: Kalibracja siewnika. Sektor A1. Numer wewnętrzny GR-2026-0238.</p>,Zakończone,low,False,EPIK-OBORA,,"[""Maszyny"", ""Pilne""]",[],"{""Pole / sektor"": ""A1"", ""Godziny pracy"": 11, ""Pogoda OK"": false}"
work_item,Odchwaszczanie międzyrzędzi #239,,,,,,,,,,,,,,,,,,,,GOSP-239,<p>Zadanie gospodarstwa: Odchwaszczanie międzyrzędzi. Sektor A2. Numer wewnętrzny GR-2026-0239.</p>,Anulowane,none,False,EPIK-MASZYNY,,"[""Pola""]",[],"{""Pole / sektor"": ""A2"", ""Godziny pracy"": 12, ""Pogoda OK"": true}"
work_item,Transport obornika #240,,,2026-03-01,2026-09-30,,,,,,,,,,,,,,,,GOSP-240,<p>Zadanie gospodarstwa: Transport obornika. Sektor B1. Numer wewnętrzny GR-2026-0240.</p>,Do zrobienia,urgent,False,EPIK-PASZE,,"[""Nawozy""]","[""agronom@example.com""]","{""Pole / sektor"": ""B1"", ""Godziny pracy"": 1, ""Pogoda OK"": false}"
work_item,Orka pola #241,,,,,,,,,,,,,,,,,,,,GOSP-241,<p>Zadanie gospodarstwa: Orka pola. Sektor B2. Numer wewnętrzny GR-2026-0241.</p>,Zaplanowane,high,False,EPIK-SIEW,,"[""Pola""]",[],"{""Pole / sektor"": ""B2"", ""Godziny pracy"": 2, ""Pogoda OK"": true}"
work_item,Siew pszenicy #242,,,2026-03-01,,,,,,,,,,,,,,,,,GOSP-242,<p>Zadanie gospodarstwa: Siew pszenicy. Sektor C1. Numer wewnętrzny GR-2026-0242.</p>,W toku,medium,False,EPIK-NAWOZ,Awaria,"[""Pola""]",[],"{""Pole / sektor"": ""C1"", ""Godziny pracy"": 3, ""Pogoda OK"": false, ""Wpływ na produkcję"": ""Wysoki""}"
work_item,Oprysk fungicydem #243,,,,,,,,,,,,,,,,,,,,GOSP-243,<p>Zadanie gospodarstwa: Oprysk fungicydem. Sektor Łąka N. Numer wewnętrzny GR-2026-0243.</p>,Oczekuje,low,False,EPIK-ZBIORY,,"[""Pola""]","[""pola@example.com"", ""nieistniejacy.rolnik@example.com""]","{""Pole / sektor"": ""Łąka N"", ""Godziny pracy"": 4, ""Pogoda OK"": true}"
work_item,Rozsiew nawozu #244,,,2026-03-01,2026-09-30,,,,,,,,,,,,,,,,GOSP-244,<p>Zadanie gospodarstwa: Rozsiew nawozu. Sektor Obora. Numer wewnętrzny GR-2026-0244.</p>,Zakończone,none,False,EPIK-OBORA,,"[""Nawozy""]",[],"{""Pole / sektor"": ""Obora"", ""Godziny pracy"": 5, ""Pogoda OK"": false}"
work_item,Koszenie łąki #245,,,,,,,,,,,,,,,,,,,,GOSP-245,<p>Zadanie gospodarstwa: Koszenie łąki. Sektor A1. Numer wewnętrzny GR-2026-0245.</p>,Anulowane,urgent,False,EPIK-MASZYNY,,"[""Pola"", ""Pilne""]",[],"{""Pole / sektor"": ""A1"", ""Godziny pracy"": 6, ""Pogoda OK"": true}"
work_item,Przegląd ciągnika #246,,,2026-03-01,,,,,,,,,,,,,,,,,GOSP-246,<p>Zadanie gospodarstwa: Przegląd ciągnika. Sektor A2. Numer wewnętrzny GR-2026-0246.</p>,Do zrobienia,high,False,EPIK-PASZE,,"[""Maszyny""]","[""maszyny@example.com""]","{""Pole / sektor"": ""A2"", ""Godziny pracy"": 7, ""Pogoda OK"": false}"
work_item,Wymiana oleju w kombajnie #247,,,,,,,,,,,,,,,,,,,,GOSP-247,<p>Zadanie gospodarstwa: Wymiana oleju w kombajnie. Sektor B1. Numer wewnętrzny GR-2026-0247.</p>,Zaplanowane,medium,False,EPIK-SIEW,,"[""Maszyny""]",[],"{""Pole / sektor"": ""B1"", ""Godziny pracy"": 8, ""Pogoda OK"": true}"
work_item,Awaria prasy belującej #248,,,2026-03-01,2026-09-30,,,,,,,,,,,,,,,,GOSP-248,<p>Zadanie gospodarstwa: Awaria prasy belującej. Sektor B2. Numer wewnętrzny GR-2026-0248.</p>,W toku,low,False,EPIK-NAWOZ,,"[""Maszyny""]",[],"{""Pole / sektor"": ""B2"", ""Godziny pracy"": 9, ""Pogoda OK"": false}"
work_item,Dojenie — kontrola aparatury #249,,,,,,,,,,,,,,,,,,,,GOSP-249,<p>Zadanie gospodarstwa: Dojenie — kontrola aparatury. Sektor C1. Numer wewnętrzny GR-2026-0249.</p>,Oczekuje,none,False,EPIK-ZBIORY,,"[""Obora""]","[""nieistniejacy.rolnik@example.com""]","{""Pole / sektor"": ""C1"", ""Godziny pracy"": 10, ""Pogoda OK"": true}"
work_item,Szczepienie stada #250,,,2026-03-01,,,,,,,,,,,,,,,,,GOSP-250,<p>Zadanie gospodarstwa: Szczepienie stada. Sektor Łąka N. Numer wewnętrzny GR-2026-0250.</p>,Zakończone,urgent,False,EPIK-OBORA,,"[""Obora""]",[],"{""Pole / sektor"": ""Łąka N"", ""Godziny pracy"": 11, ""Pogoda OK"": false}"
work_item,Załadunek kiszonki #251,,,,,,,,,,,,,,,,,,,,GOSP-251,<p>Zadanie gospodarstwa: Załadunek kiszonki. Sektor Obora. Numer wewnętrzny GR-2026-0251.</p>,Anulowane,high,False,EPIK-MASZYNY,,"[""Pasze""]",[],"{""Pole / sektor"": ""Obora"", ""Godziny pracy"": 12, ""Pogoda OK"": true}"
work_item,Inwentaryzacja magazynu pasz #252,,,2026-03-01,2026-09-30,,,,,,,,,,,,,,,,GOSP-252,<p>Zadanie gospodarstwa: Inwentaryzacja magazynu pasz. Sektor A1. Numer wewnętrzny GR-2026-0252.</p>,Do zrobienia,medium,False,EPIK-PASZE,,"[""Pasze"", ""Pilne""]","[""obora@example.com"", ""nieistniejacy.rolnik@example.com""]","{""Pole / sektor"": ""A1"", ""Godziny pracy"": 1, ""Pogoda OK"": false}"
work_item,Kalibracja siewnika #253,,,,,,,,,,,,,,,,,,,,GOSP-253,<p>Zadanie gospodarstwa: Kalibracja siewnika. Sektor A2. Numer wewnętrzny GR-2026-0253.</p>,Zaplanowane,low,False,EPIK-SIEW,Awaria,"[""Maszyny""]",[],"{""Pole / sektor"": ""A2"", ""Godziny pracy"": 2, ""Pogoda OK"": true, ""Wpływ na produkcję"": ""Średni""}"
work_item,Odchwaszczanie międzyrzędzi #254,,,2026-03-01,,,,,,,,,,,,,,,,,GOSP-254,<p>Zadanie gospodarstwa: Odchwaszczanie międzyrzędzi. Sektor B1. Numer wewnętrzny GR-2026-0254.</p>,W toku,none,False,EPIK-NAWOZ,,"[""Pola""]",[],"{""Pole / sektor"": ""B1"", ""Godziny pracy"": 3, ""Pogoda OK"": false}"
work_item,Transport obornika #255,,,,,,,,,,,,,,,,,,,,GOSP-255,<p>Zadanie gospodarstwa: Transport obornika. Sektor B2. Numer wewnętrzny GR-2026-0255.</p>,Oczekuje,urgent,False,EPIK-ZBIORY,,"[""Nawozy""]","[""agronom@example.com""]","{""Pole / sektor"": ""B2"", ""Godziny pracy"": 4, ""Pogoda OK"": true}"
work_item,Orka pola #256,,,2026-03-01,2026-09-30,,,,,,,,,,,,,,,,GOSP-256,<p>Zadanie gospodarstwa: Orka pola. Sektor C1. Numer wewnętrzny GR-2026-0256.</p>,Zakończone,high,False,EPIK-OBORA,,"[""Pola""]",[],"{""Pole / sektor"": ""C1"", ""Godziny pracy"": 5, ""Pogoda OK"": false}"
work_item,Siew pszenicy #257,,,,,,,,,,,,,,,,,,,,GOSP-257,<p>Zadanie gospodarstwa: Siew pszenicy. Sektor Łąka N. Numer wewnętrzny GR-2026-0257.</p>,Anulowane,medium,False,EPIK-MASZYNY,,"[""Pola""]",[],"{""Pole / sektor"": ""Łąka N"", ""Godziny pracy"": 6, ""Pogoda OK"": true}"
work_item,Oprysk fungicydem #258,,,2026-03-01,,,,,,,,,,,,,,,,,GOSP-258,<p>Zadanie gospodarstwa: Oprysk fungicydem. Sektor Obora. Numer wewnętrzny GR-2026-0258.</p>,Do zrobienia,low,False,EPIK-PASZE,,"[""Pola""]","[""pola@example.com""]","{""Pole / sektor"": ""Obora"", ""Godziny pracy"": 7, ""Pogoda OK"": false}"
work_item,Rozsiew nawozu #259,,,,,,,,,,,,,,,,,,,,GOSP-259,<p>Zadanie gospodarstwa: Rozsiew nawozu. Sektor A1. Numer wewnętrzny GR-2026-0259.</p>,Zaplanowane,none,False,EPIK-SIEW,,"[""Nawozy"", ""Pilne""]",[],"{""Pole / sektor"": ""A1"", ""Godziny pracy"": 8, ""Pogoda OK"": true}"
work_item,Koszenie łąki #260,,,2026-03-01,2026-09-30,,,,,,,,,,,,,,,,GOSP-260,<p>Zadanie gospodarstwa: Koszenie łąki. Sektor A2. Numer wewnętrzny GR-2026-0260.</p>,W toku,urgent,False,EPIK-NAWOZ,,"[""Pola""]",[],"{""Pole / sektor"": ""A2"", ""Godziny pracy"": 9, ""Pogoda OK"": false}"
work_item,Przegląd ciągnika #261,,,,,,,,,,,,,,,,,,,,GOSP-261,<p>Zadanie gospodarstwa: Przegląd ciągnika. Sektor B1. Numer wewnętrzny GR-2026-0261.</p>,Oczekuje,high,False,EPIK-ZBIORY,,"[""Maszyny""]","[""maszyny@example.com"", ""nieistniejacy.rolnik@example.com""]","{""Pole / sektor"": ""B1"", ""Godziny pracy"": 10, ""Pogoda OK"": true}"
work_item,Wymiana oleju w kombajnie #262,,,2026-03-01,,,,,,,,,,,,,,,,,GOSP-262,<p>Zadanie gospodarstwa: Wymiana oleju w kombajnie. Sektor B2. Numer wewnętrzny GR-2026-0262.</p>,Zakończone,medium,False,EPIK-OBORA,,"[""Maszyny""]",[],"{""Pole / sektor"": ""B2"", ""Godziny pracy"": 11, ""Pogoda OK"": false}"
work_item,Awaria prasy belującej #263,,,,,,,,,,,,,,,,,,,,GOSP-263,<p>Zadanie gospodarstwa: Awaria prasy belującej. Sektor C1. Numer wewnętrzny GR-2026-0263.</p>,Anulowane,low,False,EPIK-MASZYNY,,"[""Maszyny""]",[],"{""Pole / sektor"": ""C1"", ""Godziny pracy"": 12, ""Pogoda OK"": true}"
work_item,Dojenie — kontrola aparatury #264,,,2026-03-01,2026-09-30,,,,,,,,,,,,,,,,GOSP-264,<p>Zadanie gospodarstwa: Dojenie — kontrola aparatury. Sektor Łąka N. Numer wewnętrzny GR-2026-0264.</p>,Do zrobienia,none,False,EPIK-PASZE,Awaria,"[""Obora""]","[""nieistniejacy.rolnik@example.com""]","{""Pole / sektor"": ""Łąka N"", ""Godziny pracy"": 1, ""Pogoda OK"": false, ""Wpływ na produkcję"": ""Niski""}"
work_item,Szczepienie stada #265,,,,,,,,,,,,,,,,,,,,GOSP-265,<p>Zadanie gospodarstwa: Szczepienie stada. Sektor Obora. Numer wewnętrzny GR-2026-0265.</p>,Zaplanowane,urgent,False,EPIK-SIEW,,"[""Obora""]",[],"{""Pole / sektor"": ""Obora"", ""Godziny pracy"": 2, ""Pogoda OK"": true}"
work_item,Załadunek kiszonki #266,,,2026-03-01,,,,,,,,,,,,,,,,,GOSP-266,<p>Zadanie gospodarstwa: Załadunek kiszonki. Sektor A1. Numer wewnętrzny GR-2026-0266.</p>,W toku,high,False,EPIK-NAWOZ,,"[""Pasze"", ""Pilne""]",[],"{""Pole / sektor"": ""A1"", ""Godziny pracy"": 3, ""Pogoda OK"": false}"
work_item,Inwentaryzacja magazynu pasz #267,,,,,,,,,,,,,,,,,,,,GOSP-267,<p>Zadanie gospodarstwa: Inwentaryzacja magazynu pasz. Sektor A2. Numer wewnętrzny GR-2026-0267.</p>,Oczekuje,medium,False,EPIK-ZBIORY,,"[""Pasze""]","[""obora@example.com""]","{""Pole / sektor"": ""A2"", ""Godziny pracy"": 4, ""Pogoda OK"": true}"
work_item,Kalibracja siewnika #268,,,2026-03-01,2026-09-30,,,,,,,,,,,,,,,,GOSP-268,<p>Zadanie gospodarstwa: Kalibracja siewnika. Sektor B1. Numer wewnętrzny GR-2026-0268.</p>,Zakończone,low,False,EPIK-OBORA,,"[""Maszyny""]",[],"{""Pole / sektor"": ""B1"", ""Godziny pracy"": 5, ""Pogoda OK"": false}"
work_item,Odchwaszczanie międzyrzędzi #269,,,,,,,,,,,,,,,,,,,,GOSP-269,<p>Zadanie gospodarstwa: Odchwaszczanie międzyrzędzi. Sektor B2. Numer wewnętrzny GR-2026-0269.</p>,Anulowane,none,False,EPIK-MASZYNY,,"[""Pola""]",[],"{""Pole / sektor"": ""B2"", ""Godziny pracy"": 6, ""Pogoda OK"": true}"
work_item,Transport obornika #270,,,2026-03-01,,,,,,,,,,,,,,,,,GOSP-270,<p>Zadanie gospodarstwa: Transport obornika. Sektor C1. Numer wewnętrzny GR-2026-0270.</p>,Do zrobienia,urgent,False,EPIK-PASZE,,"[""Nawozy""]","[""agronom@example.com"", ""nieistniejacy.rolnik@example.com""]","{""Pole / sektor"": ""C1"", ""Godziny pracy"": 7, ""Pogoda OK"": false}"
work_item,Orka pola #271,,,,,,,,,,,,,,,,,,,,GOSP-271,<p>Zadanie gospodarstwa: Orka pola. Sektor Łąka N. Numer wewnętrzny GR-2026-0271.</p>,Zaplanowane,high,False,EPIK-SIEW,,"[""Pola""]",[],"{""Pole / sektor"": ""Łąka N"", ""Godziny pracy"": 8, ""Pogoda OK"": true}"
work_item,Siew pszenicy #272,,,2026-03-01,2026-09-30,,,,,,,,,,,,,,,,GOSP-272,<p>Zadanie gospodarstwa: Siew pszenicy. Sektor Obora. Numer wewnętrzny GR-2026-0272.</p>,W toku,medium,False,EPIK-NAWOZ,,"[""Pola""]",[],"{""Pole / sektor"": ""Obora"", ""Godziny pracy"": 9, ""Pogoda OK"": false}"
work_item,Oprysk fungicydem #273,,,,,,,,,,,,,,,,,,,,GOSP-273,<p>Zadanie gospodarstwa: Oprysk fungicydem. Sektor A1. Numer wewnętrzny GR-2026-0273.</p>,Oczekuje,low,False,EPIK-ZBIORY,,"[""Pola"", ""Pilne""]","[""pola@example.com""]","{""Pole / sektor"": ""A1"", ""Godziny pracy"": 10, ""Pogoda OK"": true}"
work_item,Rozsiew nawozu #274,,,2026-03-01,,,,,,,,,,,,,,,,,GOSP-274,<p>Zadanie gospodarstwa: Rozsiew nawozu. Sektor A2. Numer wewnętrzny GR-2026-0274.</p>,Zakończone,none,False,EPIK-OBORA,,"[""Nawozy""]",[],"{""Pole / sektor"": ""A2"", ""Godziny pracy"": 11, ""Pogoda OK"": false}"
work_item,Koszenie łąki #275,,,,,,,,,,,,,,,,,,,,GOSP-275,<p>Zadanie gospodarstwa: Koszenie łąki. Sektor B1. Numer wewnętrzny GR-2026-0275.</p>,Anulowane,urgent,False,EPIK-MASZYNY,Awaria,"[""Pola""]",[],"{""Pole / sektor"": ""B1"", ""Godziny pracy"": 12, ""Pogoda OK"": true, ""Wpływ na produkcję"": ""Wysoki""}"
work_item,Przegląd ciągnika #276,,,2026-03-01,2026-09-30,,,,,,,,,,,,,,,,GOSP-276,<p>Zadanie gospodarstwa: Przegląd ciągnika. Sektor B2. Numer wewnętrzny GR-2026-0276.</p>,Do zrobienia,high,False,EPIK-PASZE,,"[""Maszyny""]","[""maszyny@example.com""]","{""Pole / sektor"": ""B2"", ""Godziny pracy"": 1, ""Pogoda OK"": false}"
work_item,Wymiana oleju w kombajnie #277,,,,,,,,,,,,,,,,,,,,GOSP-277,<p>Zadanie gospodarstwa: Wymiana oleju w kombajnie. Sektor C1. Numer wewnętrzny GR-2026-0277.</p>,Zaplanowane,medium,False,EPIK-SIEW,,"[""Maszyny""]",[],"{""Pole / sektor"": ""C1"", ""Godziny pracy"": 2, ""Pogoda OK"": true}"
work_item,Awaria prasy belującej #278,,,2026-03-01,,,,,,,,,,,,,,,,,GOSP-278,<p>Zadanie gospodarstwa: Awaria prasy belującej. Sektor Łąka N. Numer wewnętrzny GR-2026-0278.</p>,W toku,low,False,EPIK-NAWOZ,,"[""Maszyny""]",[],"{""Pole / sektor"": ""Łąka N"", ""Godziny pracy"": 3, ""Pogoda OK"": false}"
work_item,Dojenie — kontrola aparatury #279,,,,,,,,,,,,,,,,,,,,GOSP-279,<p>Zadanie gospodarstwa: Dojenie — kontrola aparatury. Sektor Obora. Numer wewnętrzny GR-2026-0279.</p>,Oczekuje,none,False,EPIK-ZBIORY,,"[""Obora""]","[""nieistniejacy.rolnik@example.com"", ""nieistniejacy.rolnik@example.com""]","{""Pole / sektor"": ""Obora"", ""Godziny pracy"": 4, ""Pogoda OK"": true}"
work_item,Szczepienie stada #280,,,2026-03-01,2026-09-30,,,,,,,,,,,,,,,,GOSP-280,<p>Zadanie gospodarstwa: Szczepienie stada. Sektor A1. Numer wewnętrzny GR-2026-0280.</p>,Zakończone,urgent,False,EPIK-OBORA,,"[""Obora"", ""Pilne""]",[],"{""Pole / sektor"": ""A1"", ""Godziny pracy"": 5, ""Pogoda OK"": false}"
work_item,Załadunek kiszonki #281,,,,,,,,,,,,,,,,,,,,GOSP-281,<p>Zadanie gospodarstwa: Załadunek kiszonki. Sektor A2. Numer wewnętrzny GR-2026-0281.</p>,Anulowane,high,False,EPIK-MASZYNY,,"[""Pasze""]",[],"{""Pole / sektor"": ""A2"", ""Godziny pracy"": 6, ""Pogoda OK"": true}"
work_item,Inwentaryzacja magazynu pasz #282,,,2026-03-01,,,,,,,,,,,,,,,,,GOSP-282,<p>Zadanie gospodarstwa: Inwentaryzacja magazynu pasz. Sektor B1. Numer wewnętrzny GR-2026-0282.</p>,Do zrobienia,medium,False,EPIK-PASZE,,"[""Pasze""]","[""obora@example.com""]","{""Pole / sektor"": ""B1"", ""Godziny pracy"": 7, ""Pogoda OK"": false}"
work_item,Kalibracja siewnika #283,,,,,,,,,,,,,,,,,,,,GOSP-283,<p>Zadanie gospodarstwa: Kalibracja siewnika. Sektor B2. Numer wewnętrzny GR-2026-0283.</p>,Zaplanowane,low,False,EPIK-SIEW,,"[""Maszyny""]",[],"{""Pole / sektor"": ""B2"", ""Godziny pracy"": 8, ""Pogoda OK"": true}"
work_item,Odchwaszczanie międzyrzędzi #284,,,2026-03-01,2026-09-30,,,,,,,,,,,,,,,,GOSP-284,<p>Zadanie gospodarstwa: Odchwaszczanie międzyrzędzi. Sektor C1. Numer wewnętrzny GR-2026-0284.</p>,W toku,none,False,EPIK-NAWOZ,,"[""Pola""]",[],"{""Pole / sektor"": ""C1"", ""Godziny pracy"": 9, ""Pogoda OK"": false}"
work_item,Transport obornika #285,,,,,,,,,,,,,,,,,,,,GOSP-285,<p>Zadanie gospodarstwa: Transport obornika. Sektor Łąka N. Numer wewnętrzny GR-2026-0285.</p>,Oczekuje,urgent,False,EPIK-ZBIORY,,"[""Nawozy""]","[""agronom@example.com""]","{""Pole / sektor"": ""Łąka N"", ""Godziny pracy"": 10, ""Pogoda OK"": true}"
work_item,Orka pola #286,,,2026-03-01,,,,,,,,,,,,,,,,,GOSP-286,<p>Zadanie gospodarstwa: Orka pola. Sektor Obora. Numer wewnętrzny GR-2026-0286.</p>,Zakończone,high,False,EPIK-OBORA,Awaria,"[""Pola""]",[],"{""Pole / sektor"": ""Obora"", ""Godziny pracy"": 11, ""Pogoda OK"": false, ""Wpływ na produkcję"": ""Średni""}"
work_item,Siew pszenicy #287,,,,,,,,,,,,,,,,,,,,GOSP-287,<p>Zadanie gospodarstwa: Siew pszenicy. Sektor A1. Numer wewnętrzny GR-2026-0287.</p>,Anulowane,medium,False,EPIK-MASZYNY,,"[""Pola"", ""Pilne""]",[],"{""Pole / sektor"": ""A1"", ""Godziny pracy"": 12, ""Pogoda OK"": true}"
work_item,Oprysk fungicydem #288,,,2026-03-01,2026-09-30,,,,,,,,,,,,,,,,GOSP-288,<p>Zadanie gospodarstwa: Oprysk fungicydem. Sektor A2. Numer wewnętrzny GR-2026-0288.</p>,Do zrobienia,low,False,EPIK-PASZE,,"[""Pola""]","[""pola@example.com"", ""nieistniejacy.rolnik@example.com""]","{""Pole / sektor"": ""A2"", ""Godziny pracy"": 1, ""Pogoda OK"": false}"
work_item,Rozsiew nawozu #289,,,,,,,,,,,,,,,,,,,,GOSP-289,<p>Zadanie gospodarstwa: Rozsiew nawozu. Sektor B1. Numer wewnętrzny GR-2026-0289.</p>,Zaplanowane,none,False,EPIK-SIEW,,"[""Nawozy""]",[],"{""Pole / sektor"": ""B1"", ""Godziny pracy"": 2, ""Pogoda OK"": true}"
work_item,Koszenie łąki #290,,,2026-03-01,,,,,,,,,,,,,,,,,GOSP-290,<p>Zadanie gospodarstwa: Koszenie łąki. Sektor B2. Numer wewnętrzny GR-2026-0290.</p>,W toku,urgent,False,EPIK-NAWOZ,,"[""Pola""]",[],"{""Pole / sektor"": ""B2"", ""Godziny pracy"": 3, ""Pogoda OK"": false}"
work_item,Przegląd ciągnika #291,,,,,,,,,,,,,,,,,,,,GOSP-291,<p>Zadanie gospodarstwa: Przegląd ciągnika. Sektor C1. Numer wewnętrzny GR-2026-0291.</p>,Oczekuje,high,False,EPIK-ZBIORY,,"[""Maszyny""]","[""maszyny@example.com""]","{""Pole / sektor"": ""C1"", ""Godziny pracy"": 4, ""Pogoda OK"": true}"
work_item,Wymiana oleju w kombajnie #292,,,2026-03-01,2026-09-30,,,,,,,,,,,,,,,,GOSP-292,<p>Zadanie gospodarstwa: Wymiana oleju w kombajnie. Sektor Łąka N. Numer wewnętrzny GR-2026-0292.</p>,Zakończone,medium,False,EPIK-OBORA,,"[""Maszyny""]",[],"{""Pole / sektor"": ""Łąka N"", ""Godziny pracy"": 5, ""Pogoda OK"": false}"
work_item,Awaria prasy belującej #293,,,,,,,,,,,,,,,,,,,,GOSP-293,<p>Zadanie gospodarstwa: Awaria prasy belującej. Sektor Obora. Numer wewnętrzny GR-2026-0293.</p>,Anulowane,low,False,EPIK-MASZYNY,,"[""Maszyny""]",[],"{""Pole / sektor"": ""Obora"", ""Godziny pracy"": 6, ""Pogoda OK"": true}"
work_item,Dojenie — kontrola aparatury #294,,,2026-03-01,,,,,,,,,,,,,,,,,GOSP-294,<p>Zadanie gospodarstwa: Dojenie — kontrola aparatury. Sektor A1. Numer wewnętrzny GR-2026-0294.</p>,Do zrobienia,none,False,EPIK-PASZE,,"[""Obora"", ""Pilne""]","[""nieistniejacy.rolnik@example.com""]","{""Pole / sektor"": ""A1"", ""Godziny pracy"": 7, ""Pogoda OK"": false}"
work_item,Szczepienie stada #295,,,,,,,,,,,,,,,,,,,,GOSP-295,<p>Zadanie gospodarstwa: Szczepienie stada. Sektor A2. Numer wewnętrzny GR-2026-0295.</p>,Zaplanowane,urgent,False,EPIK-SIEW,,"[""Obora""]",[],"{""Pole / sektor"": ""A2"", ""Godziny pracy"": 8, ""Pogoda OK"": true}"
work_item,Załadunek kiszonki #296,,,2026-03-01,2026-09-30,,,,,,,,,,,,,,,,GOSP-296,<p>Zadanie gospodarstwa: Załadunek kiszonki. Sektor B1. Numer wewnętrzny GR-2026-0296.</p>,W toku,high,False,EPIK-NAWOZ,,"[""Pasze""]",[],"{""Pole / sektor"": ""B1"", ""Godziny pracy"": 9, ""Pogoda OK"": false}"
work_item,Inwentaryzacja magazynu pasz #297,,,,,,,,,,,,,,,,,,,,GOSP-297,<p>Zadanie gospodarstwa: Inwentaryzacja magazynu pasz. Sektor B2. Numer wewnętrzny GR-2026-0297.</p>,Oczekuje,medium,False,EPIK-ZBIORY,Awaria,"[""Pasze""]","[""obora@example.com"", ""nieistniejacy.rolnik@example.com""]","{""Pole / sektor"": ""B2"", ""Godziny pracy"": 10, ""Pogoda OK"": true, ""Wpływ na produkcję"": ""Niski""}"
work_item,Kalibracja siewnika #298,,,2026-03-01,,,,,,,,,,,,,,,,,GOSP-298,<p>Zadanie gospodarstwa: Kalibracja siewnika. Sektor C1. Numer wewnętrzny GR-2026-0298.</p>,Zakończone,low,False,EPIK-OBORA,,"[""Maszyny""]",[],"{""Pole / sektor"": ""C1"", ""Godziny pracy"": 11, ""Pogoda OK"": false}"
work_item,Odchwaszczanie międzyrzędzi #299,,,,,,,,,,,,,,,,,,,,GOSP-299,<p>Zadanie gospodarstwa: Odchwaszczanie międzyrzędzi. Sektor Łąka N. Numer wewnętrzny GR-2026-0299.</p>,Anulowane,none,False,EPIK-MASZYNY,,"[""Pola""]",[],"{""Pole / sektor"": ""Łąka N"", ""Godziny pracy"": 12, ""Pogoda OK"": true}"
work_item,Transport obornika #300,,,2026-03-01,2026-09-30,,,,,,,,,,,,,,,,GOSP-300,<p>Zadanie gospodarstwa: Transport obornika. Sektor Obora. Numer wewnętrzny GR-2026-0300.</p>,Do zrobienia,urgent,False,EPIK-PASZE,,"[""Nawozy""]","[""agronom@example.com""]","{""Pole / sektor"": ""Obora"", ""Godziny pracy"": 1, ""Pogoda OK"": false}"
work_item,Orka pola #301,,,,,,,,,,,,,,,,,,,,GOSP-301,<p>Zadanie gospodarstwa: Orka pola. Sektor A1. Numer wewnętrzny GR-2026-0301.</p>,Zaplanowane,high,False,EPIK-SIEW,,"[""Pola"", ""Pilne""]",[],"{""Pole / sektor"": ""A1"", ""Godziny pracy"": 2, ""Pogoda OK"": true}"
work_item,Siew pszenicy #302,,,2026-03-01,,,,,,,,,,,,,,,,,GOSP-302,<p>Zadanie gospodarstwa: Siew pszenicy. Sektor A2. Numer wewnętrzny GR-2026-0302.</p>,W toku,medium,False,EPIK-NAWOZ,,"[""Pola""]",[],"{""Pole / sektor"": ""A2"", ""Godziny pracy"": 3, ""Pogoda OK"": false}"
work_item,Oprysk fungicydem #303,,,,,,,,,,,,,,,,,,,,GOSP-303,<p>Zadanie gospodarstwa: Oprysk fungicydem. Sektor B1. Numer wewnętrzny GR-2026-0303.</p>,Oczekuje,low,False,EPIK-ZBIORY,,"[""Pola""]","[""pola@example.com""]","{""Pole / sektor"": ""B1"", ""Godziny pracy"": 4, ""Pogoda OK"": true}"
work_item,Rozsiew nawozu #304,,,2026-03-01,2026-09-30,,,,,,,,,,,,,,,,GOSP-304,<p>Zadanie gospodarstwa: Rozsiew nawozu. Sektor B2. Numer wewnętrzny GR-2026-0304.</p>,Zakończone,none,False,EPIK-OBORA,,"[""Nawozy""]",[],"{""Pole / sektor"": ""B2"", ""Godziny pracy"": 5, ""Pogoda OK"": false}"
work_item,Koszenie łąki #305,,,,,,,,,,,,,,,,,,,,GOSP-305,<p>Zadanie gospodarstwa: Koszenie łąki. Sektor C1. Numer wewnętrzny GR-2026-0305.</p>,Anulowane,urgent,False,EPIK-MASZYNY,,"[""Pola""]",[],"{""Pole / sektor"": ""C1"", ""Godziny pracy"": 6, ""Pogoda OK"": true}"
work_item,Przegląd ciągnika #306,,,2026-03-01,,,,,,,,,,,,,,,,,GOSP-306,<p>Zadanie gospodarstwa: Przegląd ciągnika. Sektor Łąka N. Numer wewnętrzny GR-2026-0306.</p>,Do zrobienia,high,False,EPIK-PASZE,,"[""Maszyny""]","[""maszyny@example.com"", ""nieistniejacy.rolnik@example.com""]","{""Pole / sektor"": ""Łąka N"", ""Godziny pracy"": 7, ""Pogoda OK"": false}"
work_item,Wymiana oleju w kombajnie #307,,,,,,,,,,,,,,,,,,,,GOSP-307,<p>Zadanie gospodarstwa: Wymiana oleju w kombajnie. Sektor Obora. Numer wewnętrzny GR-2026-0307.</p>,Zaplanowane,medium,False,EPIK-SIEW,,"[""Maszyny""]",[],"{""Pole / sektor"": ""Obora"", ""Godziny pracy"": 8, ""Pogoda OK"": true}"
work_item,Awaria prasy belującej #308,,,2026-03-01,2026-09-30,,,,,,,,,,,,,,,,GOSP-308,<p>Zadanie gospodarstwa: Awaria prasy belującej. Sektor A1. Numer wewnętrzny GR-2026-0308.</p>,W toku,low,False,EPIK-NAWOZ,Awaria,"[""Maszyny"", ""Pilne""]",[],"{""Pole / sektor"": ""A1"", ""Godziny pracy"": 9, ""Pogoda OK"": false, ""Wpływ na produkcję"": ""Wysoki""}"
work_item,Dojenie — kontrola aparatury #309,,,,,,,,,,,,,,,,,,,,GOSP-309,<p>Zadanie gospodarstwa: Dojenie — kontrola aparatury. Sektor A2. Numer wewnętrzny GR-2026-0309.</p>,Oczekuje,none,False,EPIK-ZBIORY,,"[""Obora""]","[""nieistniejacy.rolnik@example.com""]","{""Pole / sektor"": ""A2"", ""Godziny pracy"": 10, ""Pogoda OK"": true}"
work_item,Szczepienie stada #310,,,2026-03-01,,,,,,,,,,,,,,,,,GOSP-310,<p>Zadanie gospodarstwa: Szczepienie stada. Sektor B1. Numer wewnętrzny GR-2026-0310.</p>,Zakończone,urgent,False,EPIK-OBORA,,"[""Obora""]",[],"{""Pole / sektor"": ""B1"", ""Godziny pracy"": 11, ""Pogoda OK"": false}"
work_item,Załadunek kiszonki #311,,,,,,,,,,,,,,,,,,,,GOSP-311,<p>Zadanie gospodarstwa: Załadunek kiszonki. Sektor B2. Numer wewnętrzny GR-2026-0311.</p>,Anulowane,high,False,EPIK-MASZYNY,,"[""Pasze""]",[],"{""Pole / sektor"": ""B2"", ""Godziny pracy"": 12, ""Pogoda OK"": true}"
work_item,Inwentaryzacja magazynu pasz #312,,,2026-03-01,2026-09-30,,,,,,,,,,,,,,,,GOSP-312,<p>Zadanie gospodarstwa: Inwentaryzacja magazynu pasz. Sektor C1. Numer wewnętrzny GR-2026-0312.</p>,Do zrobienia,medium,False,EPIK-PASZE,,"[""Pasze""]","[""obora@example.com""]","{""Pole / sektor"": ""C1"", ""Godziny pracy"": 1, ""Pogoda OK"": false}"
work_item,Kalibracja siewnika #313,,,,,,,,,,,,,,,,,,,,GOSP-313,<p>Zadanie gospodarstwa: Kalibracja siewnika. Sektor Łąka N. Numer wewnętrzny GR-2026-0313.</p>,Zaplanowane,low,False,EPIK-SIEW,,"[""Maszyny""]",[],"{""Pole / sektor"": ""Łąka N"", ""Godziny pracy"": 2, ""Pogoda OK"": true}"
work_item,Odchwaszczanie międzyrzędzi #314,,,2026-03-01,,,,,,,,,,,,,,,,,GOSP-314,<p>Zadanie gospodarstwa: Odchwaszczanie międzyrzędzi. Sektor Obora. Numer wewnętrzny GR-2026-0314.</p>,W toku,none,False,EPIK-NAWOZ,,"[""Pola""]",[],"{""Pole / sektor"": ""Obora"", ""Godziny pracy"": 3, ""Pogoda OK"": false}"
work_item,Transport obornika #315,,,,,,,,,,,,,,,,,,,,GOSP-315,<p>Zadanie gospodarstwa: Transport obornika. Sektor A1. Numer wewnętrzny GR-2026-0315.</p>,Oczekuje,urgent,False,EPIK-ZBIORY,,"[""Nawozy"", ""Pilne""]","[""agronom@example.com"", ""nieistniejacy.rolnik@example.com""]","{""Pole / sektor"": ""A1"", ""Godziny pracy"": 4, ""Pogoda OK"": true}"
work_item,Orka pola #316,,,2026-03-01,2026-09-30,,,,,,,,,,,,,,,,GOSP-316,<p>Zadanie gospodarstwa: Orka pola. Sektor A2. Numer wewnętrzny GR-2026-0316.</p>,Zakończone,high,False,EPIK-OBORA,,"[""Pola""]",[],"{""Pole / sektor"": ""A2"", ""Godziny pracy"": 5, ""Pogoda OK"": false}"
work_item,Siew pszenicy #317,,,,,,,,,,,,,,,,,,,,GOSP-317,<p>Zadanie gospodarstwa: Siew pszenicy. Sektor B1. Numer wewnętrzny GR-2026-0317.</p>,Anulowane,medium,False,EPIK-MASZYNY,,"[""Pola""]",[],"{""Pole / sektor"": ""B1"", ""Godziny pracy"": 6, ""Pogoda OK"": true}"
work_item,Oprysk fungicydem #318,,,2026-03-01,,,,,,,,,,,,,,,,,GOSP-318,<p>Zadanie gospodarstwa: Oprysk fungicydem. Sektor B2. Numer wewnętrzny GR-2026-0318.</p>,Do zrobienia,low,False,EPIK-PASZE,,"[""Pola""]","[""pola@example.com""]","{""Pole / sektor"": ""B2"", ""Godziny pracy"": 7, ""Pogoda OK"": false}"
work_item,Rozsiew nawozu #319,,,,,,,,,,,,,,,,,,,,GOSP-319,<p>Zadanie gospodarstwa: Rozsiew nawozu. Sektor C1. Numer wewnętrzny GR-2026-0319.</p>,Zaplanowane,none,False,EPIK-SIEW,Awaria,"[""Nawozy""]",[],"{""Pole / sektor"": ""C1"", ""Godziny pracy"": 8, ""Pogoda OK"": true, ""Wpływ na produkcję"": ""Średni""}"
work_item,Koszenie łąki #320,,,2026-03-01,2026-09-30,,,,,,,,,,,,,,,,GOSP-320,<p>Zadanie gospodarstwa: Koszenie łąki. Sektor Łąka N. Numer wewnętrzny GR-2026-0320.</p>,W toku,urgent,False,EPIK-NAWOZ,,"[""Pola""]",[],"{""Pole / sektor"": ""Łąka N"", ""Godziny pracy"": 9, ""Pogoda OK"": false}"
work_item,Przegląd ciągnika #321,,,,,,,,,,,,,,,,,,,,GOSP-321,<p>Zadanie gospodarstwa: Przegląd ciągnika. Sektor Obora. Numer wewnętrzny GR-2026-0321.</p>,Oczekuje,high,False,EPIK-ZBIORY,,"[""Maszyny""]","[""maszyny@example.com""]","{""Pole / sektor"": ""Obora"", ""Godziny pracy"": 10, ""Pogoda OK"": true}"
work_item,Wymiana oleju w kombajnie #322,,,2026-03-01,,,,,,,,,,,,,,,,,GOSP-322,<p>Zadanie gospodarstwa: Wymiana oleju w kombajnie. Sektor A1. Numer wewnętrzny GR-2026-0322.</p>,Zakończone,medium,False,EPIK-OBORA,,"[""Maszyny"", ""Pilne""]",[],"{""Pole / sektor"": ""A1"", ""Godziny pracy"": 11, ""Pogoda OK"": false}"
work_item,Awaria prasy belującej #323,,,,,,,,,,,,,,,,,,,,GOSP-323,<p>Zadanie gospodarstwa: Awaria prasy belującej. Sektor A2. Numer wewnętrzny GR-2026-0323.</p>,Anulowane,low,False,EPIK-MASZYNY,,"[""Maszyny""]",[],"{""Pole / sektor"": ""A2"", ""Godziny pracy"": 12, ""Pogoda OK"": true}"
work_item,Dojenie — kontrola aparatury #324,,,2026-03-01,2026-09-30,,,,,,,,,,,,,,,,GOSP-324,<p>Zadanie gospodarstwa: Dojenie — kontrola aparatury. Sektor B1. Numer wewnętrzny GR-2026-0324.</p>,Do zrobienia,none,False,EPIK-PASZE,,"[""Obora""]","[""nieistniejacy.rolnik@example.com"", ""nieistniejacy.rolnik@example.com""]","{""Pole / sektor"": ""B1"", ""Godziny pracy"": 1, ""Pogoda OK"": false}"
work_item,Szczepienie stada #325,,,,,,,,,,,,,,,,,,,,GOSP-325,<p>Zadanie gospodarstwa: Szczepienie stada. Sektor B2. Numer wewnętrzny GR-2026-0325.</p>,Zaplanowane,urgent,False,EPIK-SIEW,,"[""Obora""]",[],"{""Pole / sektor"": ""B2"", ""Godziny pracy"": 2, ""Pogoda OK"": true}"
work_item,Załadunek kiszonki #326,,,2026-03-01,,,,,,,,,,,,,,,,,GOSP-326,<p>Zadanie gospodarstwa: Załadunek kiszonki. Sektor C1. Numer wewnętrzny GR-2026-0326.</p>,W toku,high,False,EPIK-NAWOZ,,"[""Pasze""]",[],"{""Pole / sektor"": ""C1"", ""Godziny pracy"": 3, ""Pogoda OK"": false}"
work_item,Inwentaryzacja magazynu pasz #327,,,,,,,,,,,,,,,,,,,,GOSP-327,<p>Zadanie gospodarstwa: Inwentaryzacja magazynu pasz. Sektor Łąka N. Numer wewnętrzny GR-2026-0327.</p>,Oczekuje,medium,False,EPIK-ZBIORY,,"[""Pasze""]","[""obora@example.com""]","{""Pole / sektor"": ""Łąka N"", ""Godziny pracy"": 4, ""Pogoda OK"": true}"
work_item,Kalibracja siewnika #328,,,2026-03-01,2026-09-30,,,,,,,,,,,,,,,,GOSP-328,<p>Zadanie gospodarstwa: Kalibracja siewnika. Sektor Obora. Numer wewnętrzny GR-2026-0328.</p>,Zakończone,low,False,EPIK-OBORA,,"[""Maszyny""]",[],"{""Pole / sektor"": ""Obora"", ""Godziny pracy"": 5, ""Pogoda OK"": false}"
work_item,Odchwaszczanie międzyrzędzi #329,,,,,,,,,,,,,,,,,,,,GOSP-329,<p>Zadanie gospodarstwa: Odchwaszczanie międzyrzędzi. Sektor A1. Numer wewnętrzny GR-2026-0329.</p>,Anulowane,none,False,EPIK-MASZYNY,,"[""Pola"", ""Pilne""]",[],"{""Pole / sektor"": ""A1"", ""Godziny pracy"": 6, ""Pogoda OK"": true}"
work_item,Transport obornika #330,,,2026-03-01,,,,,,,,,,,,,,,,,GOSP-330,<p>Zadanie gospodarstwa: Transport obornika. Sektor A2. Numer wewnętrzny GR-2026-0330.</p>,Do zrobienia,urgent,False,EPIK-PASZE,Awaria,"[""Nawozy""]","[""agronom@example.com""]","{""Pole / sektor"": ""A2"", ""Godziny pracy"": 7, ""Pogoda OK"": false, ""Wpływ na produkcję"": ""Niski""}"
work_item,Orka pola #331,,,,,,,,,,,,,,,,,,,,GOSP-331,<p>Zadanie gospodarstwa: Orka pola. Sektor B1. Numer wewnętrzny GR-2026-0331.</p>,Zaplanowane,high,False,EPIK-SIEW,,"[""Pola""]",[],"{""Pole / sektor"": ""B1"", ""Godziny pracy"": 8, ""Pogoda OK"": true}"
work_item,Siew pszenicy #332,,,2026-03-01,2026-09-30,,,,,,,,,,,,,,,,GOSP-332,<p>Zadanie gospodarstwa: Siew pszenicy. Sektor B2. Numer wewnętrzny GR-2026-0332.</p>,W toku,medium,False,EPIK-NAWOZ,,"[""Pola""]",[],"{""Pole / sektor"": ""B2"", ""Godziny pracy"": 9, ""Pogoda OK"": false}"
work_item,Oprysk fungicydem #333,,,,,,,,,,,,,,,,,,,,GOSP-333,<p>Zadanie gospodarstwa: Oprysk fungicydem. Sektor C1. Numer wewnętrzny GR-2026-0333.</p>,Oczekuje,low,False,EPIK-ZBIORY,,"[""Pola""]","[""pola@example.com"", ""nieistniejacy.rolnik@example.com""]","{""Pole / sektor"": ""C1"", ""Godziny pracy"": 10, ""Pogoda OK"": true}"
work_item,Rozsiew nawozu #334,,,2026-03-01,,,,,,,,,,,,,,,,,GOSP-334,<p>Zadanie gospodarstwa: Rozsiew nawozu. Sektor Łąka N. Numer wewnętrzny GR-2026-0334.</p>,Zakończone,none,False,EPIK-OBORA,,"[""Nawozy""]",[],"{""Pole / sektor"": ""Łąka N"", ""Godziny pracy"": 11, ""Pogoda OK"": false}"
work_item,Koszenie łąki #335,,,,,,,,,,,,,,,,,,,,GOSP-335,<p>Zadanie gospodarstwa: Koszenie łąki. Sektor Obora. Numer wewnętrzny GR-2026-0335.</p>,Anulowane,urgent,False,EPIK-MASZYNY,,"[""Pola""]",[],"{""Pole / sektor"": ""Obora"", ""Godziny pracy"": 12, ""Pogoda OK"": true}"
work_item,Przegląd ciągnika #336,,,2026-03-01,2026-09-30,,,,,,,,,,,,,,,,GOSP-336,<p>Zadanie gospodarstwa: Przegląd ciągnika. Sektor A1. Numer wewnętrzny GR-2026-0336.</p>,Do zrobienia,high,False,EPIK-PASZE,,"[""Maszyny"", ""Pilne""]","[""maszyny@example.com""]","{""Pole / sektor"": ""A1"", ""Godziny pracy"": 1, ""Pogoda OK"": false}"
work_item,Wymiana oleju w kombajnie #337,,,,,,,,,,,,,,,,,,,,GOSP-337,<p>Zadanie gospodarstwa: Wymiana oleju w kombajnie. Sektor A2. Numer wewnętrzny GR-2026-0337.</p>,Zaplanowane,medium,False,EPIK-SIEW,,"[""Maszyny""]",[],"{""Pole / sektor"": ""A2"", ""Godziny pracy"": 2, ""Pogoda OK"": true}"
work_item,Awaria prasy belującej #338,,,2026-03-01,,,,,,,,,,,,,,,,,GOSP-338,<p>Zadanie gospodarstwa: Awaria prasy belującej. Sektor B1. Numer wewnętrzny GR-2026-0338.</p>,W toku,low,False,EPIK-NAWOZ,,"[""Maszyny""]",[],"{""Pole / sektor"": ""B1"", ""Godziny pracy"": 3, ""Pogoda OK"": false}"
work_item,Dojenie — kontrola aparatury #339,,,,,,,,,,,,,,,,,,,,GOSP-339,<p>Zadanie gospodarstwa: Dojenie — kontrola aparatury. Sektor B2. Numer wewnętrzny GR-2026-0339.</p>,Oczekuje,none,False,EPIK-ZBIORY,,"[""Obora""]","[""nieistniejacy.rolnik@example.com""]","{""Pole / sektor"": ""B2"", ""Godziny pracy"": 4, ""Pogoda OK"": true}"
work_item,Szczepienie stada #340,,,2026-03-01,2026-09-30,,,,,,,,,,,,,,,,GOSP-340,<p>Zadanie gospodarstwa: Szczepienie stada. Sektor C1. Numer wewnętrzny GR-2026-0340.</p>,Zakończone,urgent,False,EPIK-OBORA,,"[""Obora""]",[],"{""Pole / sektor"": ""C1"", ""Godziny pracy"": 5, ""Pogoda OK"": false}"
work_item,Załadunek kiszonki #341,,,,,,,,,,,,,,,,,,,,GOSP-341,<p>Zadanie gospodarstwa: Załadunek kiszonki. Sektor Łąka N. Numer wewnętrzny GR-2026-0341.</p>,Anulowane,high,False,EPIK-MASZYNY,Awaria,"[""Pasze""]",[],"{""Pole / sektor"": ""Łąka N"", ""Godziny pracy"": 6, ""Pogoda OK"": true, ""Wpływ na produkcję"": ""Wysoki""}"
work_item,Inwentaryzacja magazynu pasz #342,,,2026-03-01,,,,,,,,,,,,,,,,,GOSP-342,<p>Zadanie gospodarstwa: Inwentaryzacja magazynu pasz. Sektor Obora. Numer wewnętrzny GR-2026-0342.</p>,Do zrobienia,medium,False,EPIK-PASZE,,"[""Pasze""]","[""obora@example.com"", ""nieistniejacy.rolnik@example.com""]","{""Pole / sektor"": ""Obora"", ""Godziny pracy"": 7, ""Pogoda OK"": false}"
work_item,Kalibracja siewnika #343,,,,,,,,,,,,,,,,,,,,GOSP-343,<p>Zadanie gospodarstwa: Kalibracja siewnika. Sektor A1. Numer wewnętrzny GR-2026-0343.</p>,Zaplanowane,low,False,EPIK-SIEW,,"[""Maszyny"", ""Pilne""]",[],"{""Pole / sektor"": ""A1"", ""Godziny pracy"": 8, ""Pogoda OK"": true}"
work_item,Odchwaszczanie międzyrzędzi #344,,,2026-03-01,2026-09-30,,,,,,,,,,,,,,,,GOSP-344,<p>Zadanie gospodarstwa: Odchwaszczanie międzyrzędzi. Sektor A2. Numer wewnętrzny GR-2026-0344.</p>,W toku,none,False,EPIK-NAWOZ,,"[""Pola""]",[],"{""Pole / sektor"": ""A2"", ""Godziny pracy"": 9, ""Pogoda OK"": false}"
work_item,Transport obornika #345,,,,,,,,,,,,,,,,,,,,GOSP-345,<p>Zadanie gospodarstwa: Transport obornika. Sektor B1. Numer wewnętrzny GR-2026-0345.</p>,Oczekuje,urgent,False,EPIK-ZBIORY,,"[""Nawozy""]","[""agronom@example.com""]","{""Pole / sektor"": ""B1"", ""Godziny pracy"": 10, ""Pogoda OK"": true}"
work_item,Orka pola #346,,,2026-03-01,,,,,,,,,,,,,,,,,GOSP-346,<p>Zadanie gospodarstwa: Orka pola. Sektor B2. Numer wewnętrzny GR-2026-0346.</p>,Zakończone,high,False,EPIK-OBORA,,"[""Pola""]",[],"{""Pole / sektor"": ""B2"", ""Godziny pracy"": 11, ""Pogoda OK"": false}"
work_item,Siew pszenicy #347,,,,,,,,,,,,,,,,,,,,GOSP-347,<p>Zadanie gospodarstwa: Siew pszenicy. Sektor C1. Numer wewnętrzny GR-2026-0347.</p>,Anulowane,medium,False,EPIK-MASZYNY,,"[""Pola""]",[],"{""Pole / sektor"": ""C1"", ""Godziny pracy"": 12, ""Pogoda OK"": true}"
work_item,Oprysk fungicydem #348,,,2026-03-01,2026-09-30,,,,,,,,,,,,,,,,GOSP-348,<p>Zadanie gospodarstwa: Oprysk fungicydem. Sektor Łąka N. Numer wewnętrzny GR-2026-0348.</p>,Do zrobienia,low,False,EPIK-PASZE,,"[""Pola""]","[""pola@example.com""]","{""Pole / sektor"": ""Łąka N"", ""Godziny pracy"": 1, ""Pogoda OK"": false}"
work_item,Rozsiew nawozu #349,,,,,,,,,,,,,,,,,,,,GOSP-349,<p>Zadanie gospodarstwa: Rozsiew nawozu. Sektor Obora. Numer wewnętrzny GR-2026-0349.</p>,Zaplanowane,none,False,EPIK-SIEW,,"[""Nawozy""]",[],"{""Pole / sektor"": ""Obora"", ""Godziny pracy"": 2, ""Pogoda OK"": true}"
work_item,Koszenie łąki #350,,,2026-03-01,,,,,,,,,,,,,,,,,GOSP-350,<p>Zadanie gospodarstwa: Koszenie łąki. Sektor A1. Numer wewnętrzny GR-2026-0350.</p>,W toku,urgent,False,EPIK-NAWOZ,,"[""Pola"", ""Pilne""]",[],"{""Pole / sektor"": ""A1"", ""Godziny pracy"": 3, ""Pogoda OK"": false}"
work_item,Przegląd ciągnika #351,,,,,,,,,,,,,,,,,,,,GOSP-351,<p>Zadanie gospodarstwa: Przegląd ciągnika. Sektor A2. Numer wewnętrzny GR-2026-0351.</p>,Oczekuje,high,False,EPIK-ZBIORY,,"[""Maszyny""]","[""maszyny@example.com"", ""nieistniejacy.rolnik@example.com""]","{""Pole / sektor"": ""A2"", ""Godziny pracy"": 4, ""Pogoda OK"": true}"
work_item,Wymiana oleju w kombajnie #352,,,2026-03-01,2026-09-30,,,,,,,,,,,,,,,,GOSP-352,<p>Zadanie gospodarstwa: Wymiana oleju w kombajnie. Sektor B1. Numer wewnętrzny GR-2026-0352.</p>,Zakończone,medium,False,EPIK-OBORA,Awaria,"[""Maszyny""]",[],"{""Pole / sektor"": ""B1"", ""Godziny pracy"": 5, ""Pogoda OK"": false, ""Wpływ na produkcję"": ""Średni""}"
work_item,Awaria prasy belującej #353,,,,,,,,,,,,,,,,,,,,GOSP-353,<p>Zadanie gospodarstwa: Awaria prasy belującej. Sektor B2. Numer wewnętrzny GR-2026-0353.</p>,Anulowane,low,False,EPIK-MASZYNY,,"[""Maszyny""]",[],"{""Pole / sektor"": ""B2"", ""Godziny pracy"": 6, ""Pogoda OK"": true}"
work_item,Dojenie — kontrola aparatury #354,,,2026-03-01,,,,,,,,,,,,,,,,,GOSP-354,<p>Zadanie gospodarstwa: Dojenie — kontrola aparatury. Sektor C1. Numer wewnętrzny GR-2026-0354.</p>,Do zrobienia,none,False,EPIK-PASZE,,"[""Obora""]","[""nieistniejacy.rolnik@example.com""]","{""Pole / sektor"": ""C1"", ""Godziny pracy"": 7, ""Pogoda OK"": false}"
work_item,Szczepienie stada #355,,,,,,,,,,,,,,,,,,,,GOSP-355,<p>Zadanie gospodarstwa: Szczepienie stada. Sektor Łąka N. Numer wewnętrzny GR-2026-0355.</p>,Zaplanowane,urgent,False,EPIK-SIEW,,"[""Obora""]",[],"{""Pole / sektor"": ""Łąka N"", ""Godziny pracy"": 8, ""Pogoda OK"": true}"
work_item,Załadunek kiszonki #356,,,2026-03-01,2026-09-30,,,,,,,,,,,,,,,,GOSP-356,<p>Zadanie gospodarstwa: Załadunek kiszonki. Sektor Obora. Numer wewnętrzny GR-2026-0356.</p>,W toku,high,False,EPIK-NAWOZ,,"[""Pasze""]",[],"{""Pole / sektor"": ""Obora"", ""Godziny pracy"": 9, ""Pogoda OK"": false}"
work_item,Inwentaryzacja magazynu pasz #357,,,,,,,,,,,,,,,,,,,,GOSP-357,<p>Zadanie gospodarstwa: Inwentaryzacja magazynu pasz. Sektor A1. Numer wewnętrzny GR-2026-0357.</p>,Oczekuje,medium,False,EPIK-ZBIORY,,"[""Pasze"", ""Pilne""]","[""obora@example.com""]","{""Pole / sektor"": ""A1"", ""Godziny pracy"": 10, ""Pogoda OK"": true}"
work_item,Kalibracja siewnika #358,,,2026-03-01,,,,,,,,,,,,,,,,,GOSP-358,<p>Zadanie gospodarstwa: Kalibracja siewnika. Sektor A2. Numer wewnętrzny GR-2026-0358.</p>,Zakończone,low,False,EPIK-OBORA,,"[""Maszyny""]",[],"{""Pole / sektor"": ""A2"", ""Godziny pracy"": 11, ""Pogoda OK"": false}"
work_item,Odchwaszczanie międzyrzędzi #359,,,,,,,,,,,,,,,,,,,,GOSP-359,<p>Zadanie gospodarstwa: Odchwaszczanie międzyrzędzi. Sektor B1. Numer wewnętrzny GR-2026-0359.</p>,Anulowane,none,False,EPIK-MASZYNY,,"[""Pola""]",[],"{""Pole / sektor"": ""B1"", ""Godziny pracy"": 12, ""Pogoda OK"": true}"
work_item,Transport obornika #360,,,2026-03-01,2026-09-30,,,,,,,,,,,,,,,,GOSP-360,<p>Zadanie gospodarstwa: Transport obornika. Sektor B2. Numer wewnętrzny GR-2026-0360.</p>,Do zrobienia,urgent,False,EPIK-PASZE,,"[""Nawozy""]","[""agronom@example.com"", ""nieistniejacy.rolnik@example.com""]","{""Pole / sektor"": ""B2"", ""Godziny pracy"": 1, ""Pogoda OK"": false}"
work_item,Orka pola #361,,,,,,,,,,,,,,,,,,,,GOSP-361,<p>Zadanie gospodarstwa: Orka pola. Sektor C1. Numer wewnętrzny GR-2026-0361.</p>,Zaplanowane,high,False,EPIK-SIEW,,"[""Pola""]",[],"{""Pole / sektor"": ""C1"", ""Godziny pracy"": 2, ""Pogoda OK"": true}"
work_item,Siew pszenicy #362,,,2026-03-01,,,,,,,,,,,,,,,,,GOSP-362,<p>Zadanie gospodarstwa: Siew pszenicy. Sektor Łąka N. Numer wewnętrzny GR-2026-0362.</p>,W toku,medium,False,EPIK-NAWOZ,,"[""Pola""]",[],"{""Pole / sektor"": ""Łąka N"", ""Godziny pracy"": 3, ""Pogoda OK"": false}"
work_item,Oprysk fungicydem #363,,,,,,,,,,,,,,,,,,,,GOSP-363,<p>Zadanie gospodarstwa: Oprysk fungicydem. Sektor Obora. Numer wewnętrzny GR-2026-0363.</p>,Oczekuje,low,False,EPIK-ZBIORY,Awaria,"[""Pola""]","[""pola@example.com""]","{""Pole / sektor"": ""Obora"", ""Godziny pracy"": 4, ""Pogoda OK"": true, ""Wpływ na produkcję"": ""Niski""}"
work_item,Rozsiew nawozu #364,,,2026-03-01,2026-09-30,,,,,,,,,,,,,,,,GOSP-364,<p>Zadanie gospodarstwa: Rozsiew nawozu. Sektor A1. Numer wewnętrzny GR-2026-0364.</p>,Zakończone,none,False,EPIK-OBORA,,"[""Nawozy"", ""Pilne""]",[],"{""Pole / sektor"": ""A1"", ""Godziny pracy"": 5, ""Pogoda OK"": false}"
work_item,Koszenie łąki #365,,,,,,,,,,,,,,,,,,,,GOSP-365,<p>Zadanie gospodarstwa: Koszenie łąki. Sektor A2. Numer wewnętrzny GR-2026-0365.</p>,Anulowane,urgent,False,EPIK-MASZYNY,,"[""Pola""]",[],"{""Pole / sektor"": ""A2"", ""Godziny pracy"": 6, ""Pogoda OK"": true}"
work_item,Przegląd ciągnika #366,,,2026-03-01,,,,,,,,,,,,,,,,,GOSP-366,<p>Zadanie gospodarstwa: Przegląd ciągnika. Sektor B1. Numer wewnętrzny GR-2026-0366.</p>,Do zrobienia,high,False,EPIK-PASZE,,"[""Maszyny""]","[""maszyny@example.com""]","{""Pole / sektor"": ""B1"", ""Godziny pracy"": 7, ""Pogoda OK"": false}"
work_item,Wymiana oleju w kombajnie #367,,,,,,,,,,,,,,,,,,,,GOSP-367,<p>Zadanie gospodarstwa: Wymiana oleju w kombajnie. Sektor B2. Numer wewnętrzny GR-2026-0367.</p>,Zaplanowane,medium,False,EPIK-SIEW,,"[""Maszyny""]",[],"{""Pole / sektor"": ""B2"", ""Godziny pracy"": 8, ""Pogoda OK"": true}"
work_item,Awaria prasy belującej #368,,,2026-03-01,2026-09-30,,,,,,,,,,,,,,,,GOSP-368,<p>Zadanie gospodarstwa: Awaria prasy belującej. Sektor C1. Numer wewnętrzny GR-2026-0368.</p>,W toku,low,False,EPIK-NAWOZ,,"[""Maszyny""]",[],"{""Pole / sektor"": ""C1"", ""Godziny pracy"": 9, ""Pogoda OK"": false}"
work_item,Dojenie — kontrola aparatury #369,,,,,,,,,,,,,,,,,,,,GOSP-369,<p>Zadanie gospodarstwa: Dojenie — kontrola aparatury. Sektor Łąka N. Numer wewnętrzny GR-2026-0369.</p>,Oczekuje,none,False,EPIK-ZBIORY,,"[""Obora""]","[""nieistniejacy.rolnik@example.com"", ""nieistniejacy.rolnik@example.com""]","{""Pole / sektor"": ""Łąka N"", ""Godziny pracy"": 10, ""Pogoda OK"": true}"
work_item,Szczepienie stada #370,,,2026-03-01,,,,,,,,,,,,,,,,,GOSP-370,<p>Zadanie gospodarstwa: Szczepienie stada. Sektor Obora. Numer wewnętrzny GR-2026-0370.</p>,Zakończone,urgent,False,EPIK-OBORA,,"[""Obora""]",[],"{""Pole / sektor"": ""Obora"", ""Godziny pracy"": 11, ""Pogoda OK"": false}"
work_item,Załadunek kiszonki #371,,,,,,,,,,,,,,,,,,,,GOSP-371,<p>Zadanie gospodarstwa: Załadunek kiszonki. Sektor A1. Numer wewnętrzny GR-2026-0371.</p>,Anulowane,high,False,EPIK-MASZYNY,,"[""Pasze"", ""Pilne""]",[],"{""Pole / sektor"": ""A1"", ""Godziny pracy"": 12, ""Pogoda OK"": true}"
work_item,Inwentaryzacja magazynu pasz #372,,,2026-03-01,2026-09-30,,,,,,,,,,,,,,,,GOSP-372,<p>Zadanie gospodarstwa: Inwentaryzacja magazynu pasz. Sektor A2. Numer wewnętrzny GR-2026-0372.</p>,Do zrobienia,medium,False,EPIK-PASZE,,"[""Pasze""]","[""obora@example.com""]","{""Pole / sektor"": ""A2"", ""Godziny pracy"": 1, ""Pogoda OK"": false}"
work_item,Kalibracja siewnika #373,,,,,,,,,,,,,,,,,,,,GOSP-373,<p>Zadanie gospodarstwa: Kalibracja siewnika. Sektor B1. Numer wewnętrzny GR-2026-0373.</p>,Zaplanowane,low,False,EPIK-SIEW,,"[""Maszyny""]",[],"{""Pole / sektor"": ""B1"", ""Godziny pracy"": 2, ""Pogoda OK"": true}"
work_item,Odchwaszczanie międzyrzędzi #374,,,2026-03-01,,,,,,,,,,,,,,,,,GOSP-374,<p>Zadanie gospodarstwa: Odchwaszczanie międzyrzędzi. Sektor B2. Numer wewnętrzny GR-2026-0374.</p>,W toku,none,False,EPIK-NAWOZ,Awaria,"[""Pola""]",[],"{""Pole / sektor"": ""B2"", ""Godziny pracy"": 3, ""Pogoda OK"": false, ""Wpływ na produkcję"": ""Wysoki""}"
work_item,Transport obornika #375,,,,,,,,,,,,,,,,,,,,GOSP-375,<p>Zadanie gospodarstwa: Transport obornika. Sektor C1. Numer wewnętrzny GR-2026-0375.</p>,Oczekuje,urgent,False,EPIK-ZBIORY,,"[""Nawozy""]","[""agronom@example.com""]","{""Pole / sektor"": ""C1"", ""Godziny pracy"": 4, ""Pogoda OK"": true}"
work_item,Orka pola #376,,,2026-03-01,2026-09-30,,,,,,,,,,,,,,,,GOSP-376,<p>Zadanie gospodarstwa: Orka pola. Sektor Łąka N. Numer wewnętrzny GR-2026-0376.</p>,Zakończone,high,False,EPIK-OBORA,,"[""Pola""]",[],"{""Pole / sektor"": ""Łąka N"", ""Godziny pracy"": 5, ""Pogoda OK"": false}"
work_item,Siew pszenicy #377,,,,,,,,,,,,,,,,,,,,GOSP-377,<p>Zadanie gospodarstwa: Siew pszenicy. Sektor Obora. Numer wewnętrzny GR-2026-0377.</p>,Anulowane,medium,False,EPIK-MASZYNY,,"[""Pola""]",[],"{""Pole / sektor"": ""Obora"", ""Godziny pracy"": 6, ""Pogoda OK"": true}"
work_item,Oprysk fungicydem #378,,,2026-03-01,,,,,,,,,,,,,,,,,GOSP-378,<p>Zadanie gospodarstwa: Oprysk fungicydem. Sektor A1. Numer wewnętrzny GR-2026-0378.</p>,Do zrobienia,low,False,EPIK-PASZE,,"[""Pola"", ""Pilne""]","[""pola@example.com"", ""nieistniejacy.rolnik@example.com""]","{""Pole / sektor"": ""A1"", ""Godziny pracy"": 7, ""Pogoda OK"": false}"
work_item,Rozsiew nawozu #379,,,,,,,,,,,,,,,,,,,,GOSP-379,<p>Zadanie gospodarstwa: Rozsiew nawozu. Sektor A2. Numer wewnętrzny GR-2026-0379.</p>,Zaplanowane,none,False,EPIK-SIEW,,"[""Nawozy""]",[],"{""Pole / sektor"": ""A2"", ""Godziny pracy"": 8, ""Pogoda OK"": true}"
work_item,Koszenie łąki #380,,,2026-03-01,2026-09-30,,,,,,,,,,,,,,,,GOSP-380,<p>Zadanie gospodarstwa: Koszenie łąki. Sektor B1. Numer wewnętrzny GR-2026-0380.</p>,W toku,urgent,False,EPIK-NAWOZ,,"[""Pola""]",[],"{""Pole / sektor"": ""B1"", ""Godziny pracy"": 9, ""Pogoda OK"": false}"
work_item,Przegląd ciągnika #381,,,,,,,,,,,,,,,,,,,,GOSP-381,<p>Zadanie gospodarstwa: Przegląd ciągnika. Sektor B2. Numer wewnętrzny GR-2026-0381.</p>,Oczekuje,high,False,EPIK-ZBIORY,,"[""Maszyny""]","[""maszyny@example.com""]","{""Pole / sektor"": ""B2"", ""Godziny pracy"": 10, ""Pogoda OK"": true}"
work_item,Wymiana oleju w kombajnie #382,,,2026-03-01,,,,,,,,,,,,,,,,,GOSP-382,<p>Zadanie gospodarstwa: Wymiana oleju w kombajnie. Sektor C1. Numer wewnętrzny GR-2026-0382.</p>,Zakończone,medium,False,EPIK-OBORA,,"[""Maszyny""]",[],"{""Pole / sektor"": ""C1"", ""Godziny pracy"": 11, ""Pogoda OK"": false}"
work_item,Awaria prasy belującej #383,,,,,,,,,,,,,,,,,,,,GOSP-383,<p>Zadanie gospodarstwa: Awaria prasy belującej. Sektor Łąka N. Numer wewnętrzny GR-2026-0383.</p>,Anulowane,low,False,EPIK-MASZYNY,,"[""Maszyny""]",[],"{""Pole / sektor"": ""Łąka N"", ""Godziny pracy"": 12, ""Pogoda OK"": true}"
work_item,Dojenie — kontrola aparatury #384,,,2026-03-01,2026-09-30,,,,,,,,,,,,,,,,GOSP-384,<p>Zadanie gospodarstwa: Dojenie — kontrola aparatury. Sektor Obora. Numer wewnętrzny GR-2026-0384.</p>,Do zrobienia,none,False,EPIK-PASZE,,"[""Obora""]","[""nieistniejacy.rolnik@example.com""]","{""Pole / sektor"": ""Obora"", ""Godziny pracy"": 1, ""Pogoda OK"": false}"
work_item,Szczepienie stada #385,,,,,,,,,,,,,,,,,,,,GOSP-385,<p>Zadanie gospodarstwa: Szczepienie stada. Sektor A1. Numer wewnętrzny GR-2026-0385.</p>,Zaplanowane,urgent,False,EPIK-SIEW,Awaria,"[""Obora"", ""Pilne""]",[],"{""Pole / sektor"": ""A1"", ""Godziny pracy"": 2, ""Pogoda OK"": true, ""Wpływ na produkcję"": ""Średni""}"
work_item,Załadunek kiszonki #386,,,2026-03-01,,,,,,,,,,,,,,,,,GOSP-386,<p>Zadanie gospodarstwa: Załadunek kiszonki. Sektor A2. Numer wewnętrzny GR-2026-0386.</p>,W toku,high,False,EPIK-NAWOZ,,"[""Pasze""]",[],"{""Pole / sektor"": ""A2"", ""Godziny pracy"": 3, ""Pogoda OK"": false}"
work_item,Inwentaryzacja magazynu pasz #387,,,,,,,,,,,,,,,,,,,,GOSP-387,<p>Zadanie gospodarstwa: Inwentaryzacja magazynu pasz. Sektor B1. Numer wewnętrzny GR-2026-0387.</p>,Oczekuje,medium,False,EPIK-ZBIORY,,"[""Pasze""]","[""obora@example.com"", ""nieistniejacy.rolnik@example.com""]","{""Pole / sektor"": ""B1"", ""Godziny pracy"": 4, ""Pogoda OK"": true}"
work_item,Kalibracja siewnika #388,,,2026-03-01,2026-09-30,,,,,,,,,,,,,,,,GOSP-388,<p>Zadanie gospodarstwa: Kalibracja siewnika. Sektor B2. Numer wewnętrzny GR-2026-0388.</p>,Zakończone,low,False,EPIK-OBORA,,"[""Maszyny""]",[],"{""Pole / sektor"": ""B2"", ""Godziny pracy"": 5, ""Pogoda OK"": false}"
work_item,Odchwaszczanie międzyrzędzi #389,,,,,,,,,,,,,,,,,,,,GOSP-389,<p>Zadanie gospodarstwa: Odchwaszczanie międzyrzędzi. Sektor C1. Numer wewnętrzny GR-2026-0389.</p>,Anulowane,none,False,EPIK-MASZYNY,,"[""Pola""]",[],"{""Pole / sektor"": ""C1"", ""Godziny pracy"": 6, ""Pogoda OK"": true}"
work_item,Transport obornika #390,,,2026-03-01,,,,,,,,,,,,,,,,,GOSP-390,<p>Zadanie gospodarstwa: Transport obornika. Sektor Łąka N. Numer wewnętrzny GR-2026-0390.</p>,Do zrobienia,urgent,False,EPIK-PASZE,,"[""Nawozy""]","[""agronom@example.com""]","{""Pole / sektor"": ""Łąka N"", ""Godziny pracy"": 7, ""Pogoda OK"": false}"
work_item,Orka pola #391,,,,,,,,,,,,,,,,,,,,GOSP-391,<p>Zadanie gospodarstwa: Orka pola. Sektor Obora. Numer wewnętrzny GR-2026-0391.</p>,Zaplanowane,high,False,EPIK-SIEW,,"[""Pola""]",[],"{""Pole / sektor"": ""Obora"", ""Godziny pracy"": 8, ""Pogoda OK"": true}"
work_item,Siew pszenicy #392,,,2026-03-01,2026-09-30,,,,,,,,,,,,,,,,GOSP-392,<p>Zadanie gospodarstwa: Siew pszenicy. Sektor A1. Numer wewnętrzny GR-2026-0392.</p>,W toku,medium,False,EPIK-NAWOZ,,"[""Pola"", ""Pilne""]",[],"{""Pole / sektor"": ""A1"", ""Godziny pracy"": 9, ""Pogoda OK"": false}"
work_item,Oprysk fungicydem #393,,,,,,,,,,,,,,,,,,,,GOSP-393,<p>Zadanie gospodarstwa: Oprysk fungicydem. Sektor A2. Numer wewnętrzny GR-2026-0393.</p>,Oczekuje,low,False,EPIK-ZBIORY,,"[""Pola""]","[""pola@example.com""]","{""Pole / sektor"": ""A2"", ""Godziny pracy"": 10, ""Pogoda OK"": true}"
work_item,Rozsiew nawozu #394,,,2026-03-01,,,,,,,,,,,,,,,,,GOSP-394,<p>Zadanie gospodarstwa: Rozsiew nawozu. Sektor B1. Numer wewnętrzny GR-2026-0394.</p>,Zakończone,none,False,EPIK-OBORA,,"[""Nawozy""]",[],"{""Pole / sektor"": ""B1"", ""Godziny pracy"": 11, ""Pogoda OK"": false}"
work_item,Koszenie łąki #395,,,,,,,,,,,,,,,,,,,,GOSP-395,<p>Zadanie gospodarstwa: Koszenie łąki. Sektor B2. Numer wewnętrzny GR-2026-0395.</p>,Anulowane,urgent,False,EPIK-MASZYNY,,"[""Pola""]",[],"{""Pole / sektor"": ""B2"", ""Godziny pracy"": 12, ""Pogoda OK"": true}"
work_item,Przegląd ciągnika #396,,,2026-03-01,2026-09-30,,,,,,,,,,,,,,,,GOSP-396,<p>Zadanie gospodarstwa: Przegląd ciągnika. Sektor C1. Numer wewnętrzny GR-2026-0396.</p>,Do zrobienia,high,False,EPIK-PASZE,Awaria,"[""Maszyny""]","[""maszyny@example.com"", ""nieistniejacy.rolnik@example.com""]","{""Pole / sektor"": ""C1"", ""Godziny pracy"": 1, ""Pogoda OK"": false, ""Wpływ na produkcję"": ""Niski""}"
work_item,Wymiana oleju w kombajnie #397,,,,,,,,,,,,,,,,,,,,GOSP-397,<p>Zadanie gospodarstwa: Wymiana oleju w kombajnie. Sektor Łąka N. Numer wewnętrzny GR-2026-0397.</p>,Zaplanowane,medium,False,EPIK-SIEW,,"[""Maszyny""]",[],"{""Pole / sektor"": ""Łąka N"", ""Godziny pracy"": 2, ""Pogoda OK"": true}"
work_item,Awaria prasy belującej #398,,,2026-03-01,,,,,,,,,,,,,,,,,GOSP-398,<p>Zadanie gospodarstwa: Awaria prasy belującej. Sektor Obora. Numer wewnętrzny GR-2026-0398.</p>,W toku,low,False,EPIK-NAWOZ,,"[""Maszyny""]",[],"{""Pole / sektor"": ""Obora"", ""Godziny pracy"": 3, ""Pogoda OK"": false}"
work_item,Dojenie — kontrola aparatury #399,,,,,,,,,,,,,,,,,,,,GOSP-399,<p>Zadanie gospodarstwa: Dojenie — kontrola aparatury. Sektor A1. Numer wewnętrzny GR-2026-0399.</p>,Oczekuje,none,False,EPIK-ZBIORY,,"[""Obora"", ""Pilne""]","[""nieistniejacy.rolnik@example.com""]","{""Pole / sektor"": ""A1"", ""Godziny pracy"": 4, ""Pogoda OK"": true}"
work_item,Szczepienie stada #400,,,2026-03-01,2026-09-30,,,,,,,,,,,,,,,,GOSP-400,<p>Zadanie gospodarstwa: Szczepienie stada. Sektor A2. Numer wewnętrzny GR-2026-0400.</p>,Zakończone,urgent,False,EPIK-OBORA,,"[""Obora""]",[],"{""Pole / sektor"": ""A2"", ""Godziny pracy"": 5, ""Pogoda OK"": false}"
work_item,Załadunek kiszonki #401,,,,,,,,,,,,,,,,,,,,GOSP-401,<p>Zadanie gospodarstwa: Załadunek kiszonki. Sektor B1. Numer wewnętrzny GR-2026-0401.</p>,Anulowane,high,False,EPIK-MASZYNY,,"[""Pasze""]",[],"{""Pole / sektor"": ""B1"", ""Godziny pracy"": 6, ""Pogoda OK"": true}"
work_item,Inwentaryzacja magazynu pasz #402,,,2026-03-01,,,,,,,,,,,,,,,,,GOSP-402,<p>Zadanie gospodarstwa: Inwentaryzacja magazynu pasz. Sektor B2. Numer wewnętrzny GR-2026-0402.</p>,Do zrobienia,medium,False,EPIK-PASZE,,"[""Pasze""]","[""obora@example.com""]","{""Pole / sektor"": ""B2"", ""Godziny pracy"": 7, ""Pogoda OK"": false}"
work_item,Kalibracja siewnika #403,,,,,,,,,,,,,,,,,,,,GOSP-403,<p>Zadanie gospodarstwa: Kalibracja siewnika. Sektor C1. Numer wewnętrzny GR-2026-0403.</p>,Zaplanowane,low,False,EPIK-SIEW,,"[""Maszyny""]",[],"{""Pole / sektor"": ""C1"", ""Godziny pracy"": 8, ""Pogoda OK"": true}"
work_item,Odchwaszczanie międzyrzędzi #404,,,2026-03-01,2026-09-30,,,,,,,,,,,,,,,,GOSP-404,<p>Zadanie gospodarstwa: Odchwaszczanie międzyrzędzi. Sektor Łąka N. Numer wewnętrzny GR-2026-0404.</p>,W toku,none,False,EPIK-NAWOZ,,"[""Pola""]",[],"{""Pole / sektor"": ""Łąka N"", ""Godziny pracy"": 9, ""Pogoda OK"": false}"
work_item,Transport obornika #405,,,,,,,,,,,,,,,,,,,,GOSP-405,<p>Zadanie gospodarstwa: Transport obornika. Sektor Obora. Numer wewnętrzny GR-2026-0405.</p>,Oczekuje,urgent,False,EPIK-ZBIORY,,"[""Nawozy""]","[""agronom@example.com"", ""nieistniejacy.rolnik@example.com""]","{""Pole / sektor"": ""Obora"", ""Godziny pracy"": 10, ""Pogoda OK"": true}"
work_item,Orka pola #406,,,2026-03-01,,,,,,,,,,,,,,,,,GOSP-406,<p>Zadanie gospodarstwa: Orka pola. Sektor A1. Numer wewnętrzny GR-2026-0406.</p>,Zakończone,high,False,EPIK-OBORA,,"[""Pola"", ""Pilne""]",[],"{""Pole / sektor"": ""A1"", ""Godziny pracy"": 11, ""Pogoda OK"": false}"
work_item,Siew pszenicy #407,,,,,,,,,,,,,,,,,,,,GOSP-407,<p>Zadanie gospodarstwa: Siew pszenicy. Sektor A2. Numer wewnętrzny GR-2026-0407.</p>,Anulowane,medium,False,EPIK-MASZYNY,Awaria,"[""Pola""]",[],"{""Pole / sektor"": ""A2"", ""Godziny pracy"": 12, ""Pogoda OK"": true, ""Wpływ na produkcję"": ""Wysoki""}"
work_item,Oprysk fungicydem #408,,,2026-03-01,2026-09-30,,,,,,,,,,,,,,,,GOSP-408,<p>Zadanie gospodarstwa: Oprysk fungicydem. Sektor B1. Numer wewnętrzny GR-2026-0408.</p>,Do zrobienia,low,False,EPIK-PASZE,,"[""Pola""]","[""pola@example.com""]","{""Pole / sektor"": ""B1"", ""Godziny pracy"": 1, ""Pogoda OK"": false}"
work_item,Rozsiew nawozu #409,,,,,,,,,,,,,,,,,,,,GOSP-409,<p>Zadanie gospodarstwa: Rozsiew nawozu. Sektor B2. Numer wewnętrzny GR-2026-0409.</p>,Zaplanowane,none,False,EPIK-SIEW,,"[""Nawozy""]",[],"{""Pole / sektor"": ""B2"", ""Godziny pracy"": 2, ""Pogoda OK"": true}"
work_item,Koszenie łąki #410,,,2026-03-01,,,,,,,,,,,,,,,,,GOSP-410,<p>Zadanie gospodarstwa: Koszenie łąki. Sektor C1. Numer wewnętrzny GR-2026-0410.</p>,W toku,urgent,False,EPIK-NAWOZ,,"[""Pola""]",[],"{""Pole / sektor"": ""C1"", ""Godziny pracy"": 3, ""Pogoda OK"": false}"
work_item,Przegląd ciągnika #411,,,,,,,,,,,,,,,,,,,,GOSP-411,<p>Zadanie gospodarstwa: Przegląd ciągnika. Sektor Łąka N. Numer wewnętrzny GR-2026-0411.</p>,Oczekuje,high,False,EPIK-ZBIORY,,"[""Maszyny""]","[""maszyny@example.com""]","{""Pole / sektor"": ""Łąka N"", ""Godziny pracy"": 4, ""Pogoda OK"": true}"
work_item,Wymiana oleju w kombajnie #412,,,2026-03-01,2026-09-30,,,,,,,,,,,,,,,,GOSP-412,<p>Zadanie gospodarstwa: Wymiana oleju w kombajnie. Sektor Obora. Numer wewnętrzny GR-2026-0412.</p>,Zakończone,medium,False,EPIK-OBORA,,"[""Maszyny""]",[],"{""Pole / sektor"": ""Obora"", ""Godziny pracy"": 5, ""Pogoda OK"": false}"
work_item,Awaria prasy belującej #413,,,,,,,,,,,,,,,,,,,,GOSP-413,<p>Zadanie gospodarstwa: Awaria prasy belującej. Sektor A1. Numer wewnętrzny GR-2026-0413.</p>,Anulowane,low,False,EPIK-MASZYNY,,"[""Maszyny"", ""Pilne""]",[],"{""Pole / sektor"": ""A1"", ""Godziny pracy"": 6, ""Pogoda OK"": true}"
work_item,Dojenie — kontrola aparatury #414,,,2026-03-01,,,,,,,,,,,,,,,,,GOSP-414,<p>Zadanie gospodarstwa: Dojenie — kontrola aparatury. Sektor A2. Numer wewnętrzny GR-2026-0414.</p>,Do zrobienia,none,False,EPIK-PASZE,,"[""Obora""]","[""nieistniejacy.rolnik@example.com"", ""nieistniejacy.rolnik@example.com""]","{""Pole / sektor"": ""A2"", ""Godziny pracy"": 7, ""Pogoda OK"": false}"
work_item,Szczepienie stada #415,,,,,,,,,,,,,,,,,,,,GOSP-415,<p>Zadanie gospodarstwa: Szczepienie stada. Sektor B1. Numer wewnętrzny GR-2026-0415.</p>,Zaplanowane,urgent,False,EPIK-SIEW,,"[""Obora""]",[],"{""Pole / sektor"": ""B1"", ""Godziny pracy"": 8, ""Pogoda OK"": true}"
work_item,Załadunek kiszonki #416,,,2026-03-01,2026-09-30,,,,,,,,,,,,,,,,GOSP-416,<p>Zadanie gospodarstwa: Załadunek kiszonki. Sektor B2. Numer wewnętrzny GR-2026-0416.</p>,W toku,high,False,EPIK-NAWOZ,,"[""Pasze""]",[],"{""Pole / sektor"": ""B2"", ""Godziny pracy"": 9, ""Pogoda OK"": false}"
work_item,Inwentaryzacja magazynu pasz #417,,,,,,,,,,,,,,,,,,,,GOSP-417,<p>Zadanie gospodarstwa: Inwentaryzacja magazynu pasz. Sektor C1. Numer wewnętrzny GR-2026-0417.</p>,Oczekuje,medium,False,EPIK-ZBIORY,,"[""Pasze""]","[""obora@example.com""]","{""Pole / sektor"": ""C1"", ""Godziny pracy"": 10, ""Pogoda OK"": true}"
work_item,Kalibracja siewnika #418,,,2026-03-01,,,,,,,,,,,,,,,,,GOSP-418,<p>Zadanie gospodarstwa: Kalibracja siewnika. Sektor Łąka N. Numer wewnętrzny GR-2026-0418.</p>,Zakończone,low,False,EPIK-OBORA,Awaria,"[""Maszyny""]",[],"{""Pole / sektor"": ""Łąka N"", ""Godziny pracy"": 11, ""Pogoda OK"": false, ""Wpływ na produkcję"": ""Średni""}"
work_item,Odchwaszczanie międzyrzędzi #419,,,,,,,,,,,,,,,,,,,,GOSP-419,<p>Zadanie gospodarstwa: Odchwaszczanie międzyrzędzi. Sektor Obora. Numer wewnętrzny GR-2026-0419.</p>,Anulowane,none,False,EPIK-MASZYNY,,"[""Pola""]",[],"{""Pole / sektor"": ""Obora"", ""Godziny pracy"": 12, ""Pogoda OK"": true}"
work_item,Transport obornika #420,,,2026-03-01,2026-09-30,,,,,,,,,,,,,,,,GOSP-420,<p>Zadanie gospodarstwa: Transport obornika. Sektor A1. Numer wewnętrzny GR-2026-0420.</p>,Do zrobienia,urgent,False,EPIK-PASZE,,"[""Nawozy"", ""Pilne""]","[""agronom@example.com""]","{""Pole / sektor"": ""A1"", ""Godziny pracy"": 1, ""Pogoda OK"": false}"
work_item,Orka pola #421,,,,,,,,,,,,,,,,,,,,GOSP-421,<p>Zadanie gospodarstwa: Orka pola. Sektor A2. Numer wewnętrzny GR-2026-0421.</p>,Zaplanowane,high,False,EPIK-SIEW,,"[""Pola""]",[],"{""Pole / sektor"": ""A2"", ""Godziny pracy"": 2, ""Pogoda OK"": true}"
work_item,Siew pszenicy #422,,,2026-03-01,,,,,,,,,,,,,,,,,GOSP-422,<p>Zadanie gospodarstwa: Siew pszenicy. Sektor B1. Numer wewnętrzny GR-2026-0422.</p>,W toku,medium,False,EPIK-NAWOZ,,"[""Pola""]",[],"{""Pole / sektor"": ""B1"", ""Godziny pracy"": 3, ""Pogoda OK"": false}"
work_item,Oprysk fungicydem #423,,,,,,,,,,,,,,,,,,,,GOSP-423,<p>Zadanie gospodarstwa: Oprysk fungicydem. Sektor B2. Numer wewnętrzny GR-2026-0423.</p>,Oczekuje,low,False,EPIK-ZBIORY,,"[""Pola""]","[""pola@example.com"", ""nieistniejacy.rolnik@example.com""]","{""Pole / sektor"": ""B2"", ""Godziny pracy"": 4, ""Pogoda OK"": true}"
work_item,Rozsiew nawozu #424,,,2026-03-01,2026-09-30,,,,,,,,,,,,,,,,GOSP-424,<p>Zadanie gospodarstwa: Rozsiew nawozu. Sektor C1. Numer wewnętrzny GR-2026-0424.</p>,Zakończone,none,False,EPIK-OBORA,,"[""Nawozy""]",[],"{""Pole / sektor"": ""C1"", ""Godziny pracy"": 5, ""Pogoda OK"": false}"
work_item,Koszenie łąki #425,,,,,,,,,,,,,,,,,,,,GOSP-425,<p>Zadanie gospodarstwa: Koszenie łąki. Sektor Łąka N. Numer wewnętrzny GR-2026-0425.</p>,Anulowane,urgent,False,EPIK-MASZYNY,,"[""Pola""]",[],"{""Pole / sektor"": ""Łąka N"", ""Godziny pracy"": 6, ""Pogoda OK"": true}"
work_item,Przegląd ciągnika #426,,,2026-03-01,,,,,,,,,,,,,,,,,GOSP-426,<p>Zadanie gospodarstwa: Przegląd ciągnika. Sektor Obora. Numer wewnętrzny GR-2026-0426.</p>,Do zrobienia,high,False,EPIK-PASZE,,"[""Maszyny""]","[""maszyny@example.com""]","{""Pole / sektor"": ""Obora"", ""Godziny pracy"": 7, ""Pogoda OK"": false}"
work_item,Wymiana oleju w kombajnie #427,,,,,,,,,,,,,,,,,,,,GOSP-427,<p>Zadanie gospodarstwa: Wymiana oleju w kombajnie. Sektor A1. Numer wewnętrzny GR-2026-0427.</p>,Zaplanowane,medium,False,EPIK-SIEW,,"[""Maszyny"", ""Pilne""]",[],"{""Pole / sektor"": ""A1"", ""Godziny pracy"": 8, ""Pogoda OK"": true}"
work_item,Awaria prasy belującej #428,,,2026-03-01,2026-09-30,,,,,,,,,,,,,,,,GOSP-428,<p>Zadanie gospodarstwa: Awaria prasy belującej. Sektor A2. Numer wewnętrzny GR-2026-0428.</p>,W toku,low,False,EPIK-NAWOZ,,"[""Maszyny""]",[],"{""Pole / sektor"": ""A2"", ""Godziny pracy"": 9, ""Pogoda OK"": false}"
work_item,Dojenie — kontrola aparatury #429,,,,,,,,,,,,,,,,,,,,GOSP-429,<p>Zadanie gospodarstwa: Dojenie — kontrola aparatury. Sektor B1. Numer wewnętrzny GR-2026-0429.</p>,Oczekuje,none,False,EPIK-ZBIORY,Awaria,"[""Obora""]","[""nieistniejacy.rolnik@example.com""]","{""Pole / sektor"": ""B1"", ""Godziny pracy"": 10, ""Pogoda OK"": true, ""Wpływ na produkcję"": ""Niski""}"
work_item,Szczepienie stada #430,,,2026-03-01,,,,,,,,,,,,,,,,,GOSP-430,<p>Zadanie gospodarstwa: Szczepienie stada. Sektor B2. Numer wewnętrzny GR-2026-0430.</p>,Zakończone,urgent,False,EPIK-OBORA,,"[""Obora""]",[],"{""Pole / sektor"": ""B2"", ""Godziny pracy"": 11, ""Pogoda OK"": false}"
work_item,Załadunek kiszonki #431,,,,,,,,,,,,,,,,,,,,GOSP-431,<p>Zadanie gospodarstwa: Załadunek kiszonki. Sektor C1. Numer wewnętrzny GR-2026-0431.</p>,Anulowane,high,False,EPIK-MASZYNY,,"[""Pasze""]",[],"{""Pole / sektor"": ""C1"", ""Godziny pracy"": 12, ""Pogoda OK"": true}"
work_item,Inwentaryzacja magazynu pasz #432,,,2026-03-01,2026-09-30,,,,,,,,,,,,,,,,GOSP-432,<p>Zadanie gospodarstwa: Inwentaryzacja magazynu pasz. Sektor Łąka N. Numer wewnętrzny GR-2026-0432.</p>,Do zrobienia,medium,False,EPIK-PASZE,,"[""Pasze""]","[""obora@example.com"", ""nieistniejacy.rolnik@example.com""]","{""Pole / sektor"": ""Łąka N"", ""Godziny pracy"": 1, ""Pogoda OK"": false}"
work_item,Kalibracja siewnika #433,,,,,,,,,,,,,,,,,,,,GOSP-433,<p>Zadanie gospodarstwa: Kalibracja siewnika. Sektor Obora. Numer wewnętrzny GR-2026-0433.</p>,Zaplanowane,low,False,EPIK-SIEW,,"[""Maszyny""]",[],"{""Pole / sektor"": ""Obora"", ""Godziny pracy"": 2, ""Pogoda OK"": true}"
work_item,Odchwaszczanie międzyrzędzi #434,,,2026-03-01,,,,,,,,,,,,,,,,,GOSP-434,<p>Zadanie gospodarstwa: Odchwaszczanie międzyrzędzi. Sektor A1. Numer wewnętrzny GR-2026-0434.</p>,W toku,none,False,EPIK-NAWOZ,,"[""Pola"", ""Pilne""]",[],"{""Pole / sektor"": ""A1"", ""Godziny pracy"": 3, ""Pogoda OK"": false}"
work_item,Transport obornika #435,,,,,,,,,,,,,,,,,,,,GOSP-435,<p>Zadanie gospodarstwa: Transport obornika. Sektor A2. Numer wewnętrzny GR-2026-0435.</p>,Oczekuje,urgent,False,EPIK-ZBIORY,,"[""Nawozy""]","[""agronom@example.com""]","{""Pole / sektor"": ""A2"", ""Godziny pracy"": 4, ""Pogoda OK"": true}"
work_item,Orka pola #436,,,2026-03-01,2026-09-30,,,,,,,,,,,,,,,,GOSP-436,<p>Zadanie gospodarstwa: Orka pola. Sektor B1. Numer wewnętrzny GR-2026-0436.</p>,Zakończone,high,False,EPIK-OBORA,,"[""Pola""]",[],"{""Pole / sektor"": ""B1"", ""Godziny pracy"": 5, ""Pogoda OK"": false}"
work_item,Siew pszenicy #437,,,,,,,,,,,,,,,,,,,,GOSP-437,<p>Zadanie gospodarstwa: Siew pszenicy. Sektor B2. Numer wewnętrzny GR-2026-0437.</p>,Anulowane,medium,False,EPIK-MASZYNY,,"[""Pola""]",[],"{""Pole / sektor"": ""B2"", ""Godziny pracy"": 6, ""Pogoda OK"": true}"
work_item,Oprysk fungicydem #438,,,2026-03-01,,,,,,,,,,,,,,,,,GOSP-438,<p>Zadanie gospodarstwa: Oprysk fungicydem. Sektor C1. Numer wewnętrzny GR-2026-0438.</p>,Do zrobienia,low,False,EPIK-PASZE,,"[""Pola""]","[""pola@example.com""]","{""Pole / sektor"": ""C1"", ""Godziny pracy"": 7, ""Pogoda OK"": false}"
work_item,Rozsiew nawozu #439,,,,,,,,,,,,,,,,,,,,GOSP-439,<p>Zadanie gospodarstwa: Rozsiew nawozu. Sektor Łąka N. Numer wewnętrzny GR-2026-0439.</p>,Zaplanowane,none,False,EPIK-SIEW,,"[""Nawozy""]",[],"{""Pole / sektor"": ""Łąka N"", ""Godziny pracy"": 8, ""Pogoda OK"": true}"
work_item,Koszenie łąki #440,,,2026-03-01,2026-09-30,,,,,,,,,,,,,,,,GOSP-440,<p>Zadanie gospodarstwa: Koszenie łąki. Sektor Obora. Numer wewnętrzny GR-2026-0440.</p>,W toku,urgent,False,EPIK-NAWOZ,Awaria,"[""Pola""]",[],"{""Pole / sektor"": ""Obora"", ""Godziny pracy"": 9, ""Pogoda OK"": false, ""Wpływ na produkcję"": ""Wysoki""}"
work_item,Przegląd ciągnika #441,,,,,,,,,,,,,,,,,,,,GOSP-441,<p>Zadanie gospodarstwa: Przegląd ciągnika. Sektor A1. Numer wewnętrzny GR-2026-0441.</p>,Oczekuje,high,False,EPIK-ZBIORY,,"[""Maszyny"", ""Pilne""]","[""maszyny@example.com"", ""nieistniejacy.rolnik@example.com""]","{""Pole / sektor"": ""A1"", ""Godziny pracy"": 10, ""Pogoda OK"": true}"
work_item,Wymiana oleju w kombajnie #442,,,2026-03-01,,,,,,,,,,,,,,,,,GOSP-442,<p>Zadanie gospodarstwa: Wymiana oleju w kombajnie. Sektor A2. Numer wewnętrzny GR-2026-0442.</p>,Zakończone,medium,False,EPIK-OBORA,,"[""Maszyny""]",[],"{""Pole / sektor"": ""A2"", ""Godziny pracy"": 11, ""Pogoda OK"": false}"
work_item,Awaria prasy belującej #443,,,,,,,,,,,,,,,,,,,,GOSP-443,<p>Zadanie gospodarstwa: Awaria prasy belującej. Sektor B1. Numer wewnętrzny GR-2026-0443.</p>,Anulowane,low,False,EPIK-MASZYNY,,"[""Maszyny""]",[],"{""Pole / sektor"": ""B1"", ""Godziny pracy"": 12, ""Pogoda OK"": true}"
work_item,Dojenie — kontrola aparatury #444,,,2026-03-01,2026-09-30,,,,,,,,,,,,,,,,GOSP-444,<p>Zadanie gospodarstwa: Dojenie — kontrola aparatury. Sektor B2. Numer wewnętrzny GR-2026-0444.</p>,Do zrobienia,none,False,EPIK-PASZE,,"[""Obora""]","[""nieistniejacy.rolnik@example.com""]","{""Pole / sektor"": ""B2"", ""Godziny pracy"": 1, ""Pogoda OK"": false}"
